NLSitNummer;DatumFileBegin;DatumFileEind;TijdFileBegin;TijdFileEind;FileZwaarte;GemLengte;FileDuur;HectometerKop;HectometerStaart;RouteLet;RouteNum;RouteOms;hectometreringsrichting;KopWegvakVan;KopWegvakNaar;TrajVan;TrajNaar;OorzaakGronddetail;OorzaakVerloop;OorzaakCodeVerloop;OorzaakCode;Oorzaak_1;Oorzaak_2;Oorzaak_3;Oorzaak_4
2757453;2020-04-21;2020-04-21;14:23:00;16:02:28;282,917;2844,337;99,467;10,7;8,7;A;12;A12;oplopend;Zoetermeer-Centrum;Zoetermeer;Den Haag;Utrecht;Object op de weg (met opruim/berging);[Geen oorzaakcode opgegeven door VWM 5], [Voorwerpen op de weg 15], [Opruimwerkzaamheden 63], [Geen oorzaakcode opgegeven door VWM 17];[000], [OBR], [CLE], [000];INS;Incident(en);Incident;Incident;Incident
2757503;2020-04-21;2020-04-21;17:59:00;18:16:28;50,300;2879,771;17,467;70,1;65,1;A;27;A27;oplopend;Houten;Lunetten;Gorinchem;Utrecht;Ongeval(len);[Geen oorzaakcode opgegeven door VWM 0], [Ongeval(len) 2], [Eerder(e) ongeval(len) 15];[000], [ACI], [ACA];ACI;Ongeval(len);Ongeval;Ongeval;Ongeval
2757484;2020-04-21;2020-04-21;16:02:00;16:38:51;73,700;2000,000;36,850;98,0;105,0;A;1;A1;aflopend;Ijsselbrug;Twello;Hengelo;Apeldoorn;Defecte vrachtwagen(s);[Geen oorzaakcode opgegeven door VWM 0], [Defecte vrachtwagen(s) 19], [Geen oorzaakcode opgegeven door VWM 17];[000], [HBD], [000];HBD;Defecte vrachtwagen(s);Defecte vrachtwagen;Incident (gestrand voertuig);Incident
2757407;2020-04-21;2020-04-21;8:10:00;8:48:33;115,650;3000,000;38,550;132,0;129,0;A;1;A1;oplopend;Markelo;Rijssen;Apeldoorn;Hengelo;Spitsfile (geen oorzaak gemeld);[Geen oorzaakcode opgegeven door VWM 39];[000];001;Spitsfile (geen oorzaak gemeld);Geen oorzaak gemeld;Drukte;Hoge intensiteit
2756477;2020-04-06;2020-04-06;12:54:00;14:49:37;231,233;2000,000;115,617;65,5;67,5;A;16;A16;aflopend;Galder;Breda;Antwerpen;Breda;Ongeval met vrachtwagen(s);[Ongeval met vrachtwagen(s) 116];[ACH];ACH;Ongeval met vrachtwagen(s);Ongeval vrachtwagen;Ongeval;Ongeval
2756500;2020-04-06;2020-04-06;18:46:00;18:49:11;6,367;2000,000;3,183;0,4;2,4;A;76;A76;aflopend;Nederland;België;Geleen;Brussel;Grenscontrole;[Geen oorzaakcode opgegeven door VWM 2], [Grenscontrole 1], [Geen oorzaakcode opgegeven door VWM 0];[000], [N39], [000];N39;Grenscontrole;Politiecontrole;Politiecontrole;Overige oorzaken
2756489;2020-04-06;2020-04-06;16:34:00;17:05:13;82,733;2650,294;31,217;34,2;31,2;N;31;N31;oplopend;Marssum;A31: Marssum;Afsluitdijk;Drachten;Ongeval(len);[Ongeval(len) 31];[ACI];ACI;Ongeval(len);Ongeval;Ongeval;Ongeval
2756491;2020-04-06;2020-04-06;16:45:00;16:54:31;19,033;2000,000;9,517;26,8;24,8;A;67;A67;oplopend;Leenderheide/Randweg N2;Geldrop;Turnhout;Duisburg;Defect(e) voertuig(en);[Geen oorzaakcode opgegeven door VWM 0], [Defect(e) voertuig(en) 9];[000], [BKD];BKD;Defect(e) voertuig(en);Defect voertuig;Incident (gestrand voertuig);Incident
2756484;2020-04-06;2020-04-06;15:01:00;15:08:40;19,333;2521,739;7,667;91,6;89,6;A;15;A15;oplopend;Gorinchem;Gorinchem;Ridderkerk;Gorinchem;Defecte vrachtwagen(s);[Geen oorzaakcode opgegeven door VWM 1], [Defecte vrachtwagen(s) 6];[000], [HBD];HBD;Defecte vrachtwagen(s);Defecte vrachtwagen;Incident (gestrand voertuig);Incident
2756501;2020-04-06;2020-04-06;18:49:00;20:17:01;176,033;2000,000;88,017;2,7;4,7;A;76;A76;aflopend;Stein;Kerensheide;Keulen;Brussel;Grenscontrole;[Geen oorzaakcode opgegeven door VWM 1], [Grenscontrole 87];[000], [N39];N39;Grenscontrole;Politiecontrole;Politiecontrole;Overige oorzaken
2757035;2020-04-15;2020-04-15;16:13:00;16:24:28;30,783;2684,593;11,467;60,9;56,9;A;4;A4;oplopend;Ketheltunnel;Kethelplein;Den Haag;Rotterdam;Spitsfile (geen oorzaak gemeld);[Geen oorzaakcode opgegeven door VWM 11];[000];001;Spitsfile (geen oorzaak gemeld);Geen oorzaak gemeld;Drukte;Hoge intensiteit
2757030;2020-04-15;2020-04-15;15:45:00;17:08:34;328,450;3930,395;83,567;14,8;11,8;A;1;A1;oplopend;Vechtzicht;Muiderberg;Amsterdam;Amersfoort;Incident op aansluitende weg;[Geen oorzaakcode opgegeven door VWM 1], [Incident op aansluitende weg 83];[000], [N69];N69;Incident op aansluitende weg;Incident elders;Incident;Incident
2757002;2020-04-15;2020-04-15;9:23:00;9:33:27;21,767;2082,935;10,450;31,5;33,5;A;20;A20;aflopend;Rotterdam-Crooswijk;Rotterdam-Noord;Gouda;Hoek van Holland;Voorwerpen op de weg;[Geen oorzaakcode opgegeven door VWM 1], [Voorwerpen op de weg 6], [Geen oorzaakcode opgegeven door VWM 4];[000], [OBR], [000];OBR;Voorwerpen op de weg;Lading op de weg;Incident (obstakel op de weg);Incident
2757033;2020-04-15;2020-04-15;16:00:00;16:36:27;123,017;3374,943;36,450;12,5;10,5;A;28;A28;oplopend;Soesterberg;Maarn;Utrecht;Amersfoort;Ongeval (met object op de weg);[Geen oorzaakcode opgegeven door VWM 1], [Ongeval(len) 2], [Voorwerpen op de weg 29], [Geen oorzaakcode opgegeven door VWM 4];[000], [ACI], [OBR], [000];ACI;Ongeval(len);Ongeval;Ongeval;Ongeval
2757036;2020-04-15;2020-04-15;16:32:00;16:50:33;55,650;3000,000;18,550;12,5;9,5;A;28;A28;oplopend;Soesterberg;Maarn;Utrecht;Amersfoort;Defect voertuig (met opruim/berging);[Geen oorzaakcode opgegeven door VWM 1], [Defect(e) voertuig(en) 7], [Opruimingswerkzaamheden 11];[000], [BKD], [OCL];BKD;Defect(e) voertuig(en);Defect voertuig;Incident (gestrand voertuig);Incident
2756997;2020-04-15;2020-04-15;7:59:00;8:19:25;40,833;2000,000;20,417;59,0;61,0;A;15;A15;aflopend;Rotterdam-Zuidplein;Rotterdam-Charlois;Ridderkerk;Europoort;Defecte vrachtwagen(s);[Geen oorzaakcode opgegeven door VWM 1], [Defecte vrachtwagen(s) 20], [Geen oorzaakcode opgegeven door VWM 0];[000], [HBD], [000];HBD;Defecte vrachtwagen(s);Defecte vrachtwagen;Incident (gestrand voertuig);Incident
2756994;2020-04-15;2020-04-15;6:39:00;6:46:26;14,867;2000,000;7,433;9,5;11,5;A;10;A10;aflopend;Zeeburgertunnel;Durgerdam;Amstel;Coenplein;Te hoog voertuig gesignaleerd, wordt afgehandeld;[Geen oorzaakcode opgegeven door VWM 1], [Te hoog voertuig gesignaleerd, wordt afgehandeld 3], [Geen oorzaakcode opgegeven door VWM 4];[000], [OHW], [000];OHW;Te hoog voertuig gesignaleerd, wordt afgehandeld;Hoogtemelding;Incident;Incident
2757021;2020-04-15;2020-04-15;14:24:00;14:30:37;13,233;2000,000;6,617;46,9;44,9;A;9;A9;oplopend;Rottepolderplein;Brug Over Het Zijkanaal C;Amstelveen;Alkmaar;Brugopening;[Geen oorzaakcode opgegeven door VWM 2], [Brugopening 4];[000], [N73];N73;Brugopening;Brugopening;Blokkade;Hoge intensiteit
2757022;2020-04-15;2020-04-15;14:24:00;14:30:33;13,100;2000,000;6,550;46,9;48,9;A;9;A9;aflopend;Brug Over Het Zijkanaal C;Rottepolderplein;Alkmaar;Amstelveen;Brugopening;[Geen oorzaakcode opgegeven door VWM 2], [Brugopening 4];[000], [N73];N73;Brugopening;Brugopening;Blokkade;Hoge intensiteit
2757037;2020-04-15;2020-04-15;16:35:00;16:53:20;36,667;2000,000;18,333;46,2;48,2;A;15;A15;aflopend;Botlektunnel;Spijkenisse;Ridderkerk;Europoort;Ongeval(len);[Geen oorzaakcode opgegeven door VWM 0], [Ongeval(len) 18];[000], [ACI];ACI;Ongeval(len);Ongeval;Ongeval;Ongeval
2757027;2020-04-15;2020-04-15;15:41:00;15:47:21;19,600;3086,614;6,350;23,6;27,6;A;1;A1;aflopend;Blaricum;Naarden;Amersfoort;Amsterdam;Defecte vrachtwagen(s);[Geen oorzaakcode opgegeven door VWM 1], [Defecte vrachtwagen(s) 5];[000], [HBD];HBD;Defecte vrachtwagen(s);Defecte vrachtwagen;Incident (gestrand voertuig);Incident
2757477;2020-04-21;2020-04-21;15:41:00;15:55:37;29,233;2000,000;14,617;159,1;157,1;A;2;A2;oplopend;Batadorp;De Hogt;Eindhoven;Maastricht-Noord;Afgevallen lading(en);[Geen oorzaakcode opgegeven door VWM 1], [Afgevallen lading(en) 14];[000], [SHL];SHL;Afgevallen lading(en);Lading op de weg;Incident (obstakel op de weg);Incident
2757481;2020-04-21;2020-04-21;15:55:00;15:56:27;2,900;2000,000;1,450;161,9;163,9;A;2;A2;aflopend;De Hogt;Batadorp;Maastricht-Noord;Eindhoven;Spitsfile (geen oorzaak gemeld);[Geen oorzaakcode opgegeven door VWM 1];[000];001;Spitsfile (geen oorzaak gemeld);Geen oorzaak gemeld;Drukte;Hoge intensiteit
2757327;2020-04-20;2020-04-20;8:35:00;8:53:32;37,067;2000,000;18,533;64,0;57,0;A;27;A27;oplopend;Lekbrug;Nieuwegein;Gorinchem;Utrecht;Spitsfile (geen oorzaak gemeld);[Geen oorzaakcode opgegeven door VWM 19];[000];001;Spitsfile (geen oorzaak gemeld);Geen oorzaak gemeld;Drukte;Hoge intensiteit
2757347;2020-04-20;2020-04-20;13:17:00;13:52:06;70,200;2000,000;35,100;193,4;191,4;A;50;A50;oplopend;Schaarsbergen;Hoenderloo;Arnhem;Apeldoorn;Defecte vrachtwagen(s);[Geen oorzaakcode opgegeven door VWM 1], [Defecte vrachtwagen(s) 34];[000], [HBD];HBD;Defecte vrachtwagen(s);Defecte vrachtwagen;Incident (gestrand voertuig);Incident
2757456;2020-04-21;2020-04-21;14:32:00;14:40:54;17,800;2000,000;8,900;54,1;52,1;A;15;A15;oplopend;Benelux;Rotterdam-Heijplaat;Europoort;Ridderkerk;Defecte vrachtwagen(s);[Geen oorzaakcode opgegeven door VWM 0], [Defecte vrachtwagen(s) 9], [Geen oorzaakcode opgegeven door VWM 0];[000], [HBD], [000];HBD;Defecte vrachtwagen(s);Defecte vrachtwagen;Incident (gestrand voertuig);Incident
2757459;2020-04-21;2020-04-21;14:49:00;16:48:26;617,933;5173,877;119,433;235,8;233,8;A;2;A2;oplopend;Born;Urmond;Eindhoven;Maastricht-Noord;Defecte vrachtwagen(s);[Geen oorzaakcode opgegeven door VWM 0], [Defecte vrachtwagen(s) 74], [Spoedreparatie 45], [Geen oorzaakcode opgegeven door VWM 0];[000], [HBD], [N32], [000];HBD;Defecte vrachtwagen(s);Defecte vrachtwagen;Incident (gestrand voertuig);Incident
2757501;2020-04-21;2020-04-21;17:35:00;17:47:24;49,400;3983,871;12,400;77,8;70,8;A;27;A27;oplopend;Utrecht-De Uithof;Rijnsweerd;Gorinchem;Utrecht;Ongeval(len);[Geen oorzaakcode opgegeven door VWM 1], [Ongeval(len) 11];[000], [ACI];ACI;Ongeval(len);Ongeval;Ongeval;Ongeval
2757330;2020-04-20;2020-04-20;8:51:00;8:52:32;3,067;2000,000;1,533;76,0;78,0;A;2;A2;aflopend;Everdingen;Everdingen;'s-Hertogenbosch;Utrecht;Ongeval(len);[Geen oorzaakcode opgegeven door VWM 1], [Ongeval(len) 0], [Eerder(e) ongeval(len) 1];[000], [ACI], [ACA];ACI;Ongeval(len);Ongeval;Ongeval;Ongeval
2757469;2020-04-21;2020-04-21;15:11:00;15:14:28;6,933;2000,000;3,467;159,1;157,1;A;2;A2;oplopend;Batadorp;De Hogt;Eindhoven;Maastricht-Noord;Spitsfile (geen oorzaak gemeld);[Geen oorzaakcode opgegeven door VWM 3];[000];001;Spitsfile (geen oorzaak gemeld);Geen oorzaak gemeld;Drukte;Hoge intensiteit
2757487;2020-04-21;2020-04-21;16:20:00;16:38:35;37,167;2000,000;18,583;158,2;156,2;A;2;A2;oplopend;Batadorp;De Hogt;Eindhoven;Maastricht-Noord;Er ligt rommel op de weg;[Geen oorzaakcode opgegeven door VWM 1], [Er ligt rommel op de weg 18];[000], [SPL];SPL;Er ligt rommel op de weg;Lading op de weg;Incident (obstakel op de weg);Incident
2757358;2020-04-20;2020-04-20;15:56:00;16:08:52;28,200;2191,710;12,867;49,7;46,7;A;1;A1;oplopend;Hoevelaken;Barneveld;Amsterdam;Apeldoorn;Spitsfile (geen oorzaak gemeld);[Geen oorzaakcode opgegeven door VWM 13];[000];001;Spitsfile (geen oorzaak gemeld);Geen oorzaak gemeld;Drukte;Hoge intensiteit
2757323;2020-04-20;2020-04-20;6:40:00;8:29:57;769,067;6994,695;109,950;68,4;65,4;A;27;A27;oplopend;Houten;Lunetten;Gorinchem;Utrecht;Ongeval met vrachtwagen(s);[Geen oorzaakcode opgegeven door VWM 1], [Extra verkeersdrukte door verkeer dat een omleiding volgt 25], [Ongeval met vrachtwagen(s) 78], [Eerder(e) ongeval(len) 6], [Geen oorzaakcode opgegeven door VWM 0];[000], [N61], [ACH], [ACA], [000];ACH;Ongeval met vrachtwagen(s);Ongeval vrachtwagen;Ongeval;Ongeval
2757467;2020-04-21;2020-04-21;15:06:00;15:34:57;76,850;2654,577;28,950;15,2;17,2;A;58;A58;aflopend;Oirschot;Best;Tilburg;Eindhoven;Defecte vrachtwagen(s);[Geen oorzaakcode opgegeven door VWM 0], [Defecte vrachtwagen(s) 14], [Eerder pechgeval 15];[000], [HBD], [M13];HBD;Defecte vrachtwagen(s);Defecte vrachtwagen;Incident (gestrand voertuig);Incident
2757367;2020-04-20;2020-04-20;16:55:00;18:09:17;380,033;5115,997;74,283;103,0;105,0;A;27;A27;aflopend;Stichtse Brug;Huizen;Almere;Utrecht;Brandend(e) voertuig(en);[Brandend(e) voertuig(en) 74];[VFR];VFR;Brandend(e) voertuig(en);Defect voertuig;Incident (gestrand voertuig);Incident
2757454;2020-04-21;2020-04-21;14:23:00;14:33:14;20,467;2000,000;10,233;47,2;45,2;A;9;A9;oplopend;Wijkertunnel;Beverwijk-Oost;Amstelveen;Alkmaar;File buiten spits (geen oorzaak gemeld);[Geen oorzaakcode opgegeven door VWM 10];[000];003;File buiten spits (geen oorzaak gemeld);Geen oorzaak gemeld;Drukte;Hoge intensiteit
2757498;2020-04-21;2020-04-21;17:32:00;18:40:07;215,900;3169,562;68,117;32,0;30,0;A;20;A20;oplopend;Rotterdam-Crooswijk;Terbregseplein;Hoek van Holland;Gouda;Ongeval(len);[Geen oorzaakcode opgegeven door VWM 1], [Ongeval(len) 49], [Eerder(e) ongeval(len) 19];[000], [ACI], [ACA];ACI;Ongeval(len);Ongeval;Ongeval;Ongeval
2757474;2020-04-21;2020-04-21;15:27:00;15:42:01;30,033;2000,000;15,017;11,5;9,5;A;5;A5;oplopend;Raasdorp;Ijmuiden;Hoofddorp;Amsterdam;Defecte vrachtwagen(s);[Geen oorzaakcode opgegeven door VWM 1], [Defecte vrachtwagen(s) 14], [Geen oorzaakcode opgegeven door VWM 0];[000], [HBD], [000];HBD;Defecte vrachtwagen(s);Defecte vrachtwagen;Incident (gestrand voertuig);Incident
2757363;2020-04-20;2020-04-20;16:32:00;16:39:36;22,800;3000,000;7,600;103,3;106,3;A;27;A27;aflopend;Stichtse Brug;Huizen;Almere;Utrecht;Brandend(e) voertuig(en);[Geen oorzaakcode opgegeven door VWM 0], [Brandend(e) voertuig(en) 7], [Geen oorzaakcode opgegeven door VWM 0];[000], [VFR], [000];VFR;Brandend(e) voertuig(en);Defect voertuig;Incident (gestrand voertuig);Incident
2757483;2020-04-21;2020-04-21;16:02:00;16:38:40;94,283;2571,364;36,667;162,7;164,7;A;2;A2;aflopend;De Hogt;Batadorp;Maastricht-Noord;Eindhoven;Defect(e) voertuig(en);[Geen oorzaakcode opgegeven door VWM 18], [Defect(e) voertuig(en) 14], [Eerder pechgeval 5];[000], [BKD], [M13];BKD;Defect(e) voertuig(en);Defect voertuig;Incident (gestrand voertuig);Incident
2757493;2020-04-21;2020-04-21;16:48:00;17:01:27;46,733;3474,597;13,450;234,1;228,1;A;2;A2;oplopend;Born;Urmond;Eindhoven;Maastricht-Noord;Spitsfile (geen oorzaak gemeld);[Geen oorzaakcode opgegeven door VWM 13];[000];001;Spitsfile (geen oorzaak gemeld);Geen oorzaak gemeld;Drukte;Hoge intensiteit
2757316;2020-04-20;2020-04-20;5:28:00;9:12:46;1808,300;8045,232;224,767;65,8;67,8;A;2;A2;aflopend;Utrecht-Centrum;Maarssen;'s-Hertogenbosch;Amsterdam;Ongeval vrachtwagen (met spoedreparatie);[Geen oorzaakcode opgegeven door VWM 1], [Ongeval met vrachtwagen(s) 43], [Spoedreparatie 158], [Eerder(e) ongeval(len) 23];[000], [ACH], [N32], [ACA];ACH;Ongeval met vrachtwagen(s);Ongeval vrachtwagen;Ongeval;Ongeval
2757321;2020-04-20;2020-04-20;6:33:00;8:10:09;516,550;5317,036;97,150;122,5;128,5;A;1;A1;aflopend;Markelo;Lochem;Hengelo;Apeldoorn;Defecte vrachtwagen(s);[Defecte vrachtwagen(s) 19], [Eerder pechgeval 78];[HBD], [M13];HBD;Defecte vrachtwagen(s);Defecte vrachtwagen;Incident (gestrand voertuig);Incident
2757402;2020-04-21;2020-04-21;7:06:00;8:48:51;205,700;2000,000;102,850;185,0;183,0;A;7;A7;oplopend;Leek;Industrieterrein Westpoort;Heerenveen;Groningen;Ongeval (met object op de weg);[Ongeval(len) 2], [Olie op het wegdek 101];[ACI], [FUE];ACI;Ongeval(len);Ongeval;Ongeval;Ongeval
2757322;2020-04-20;2020-04-20;6:33:00;7:22:31;172,233;3478,290;49,517;81,9;86,9;A;15;A15;aflopend;Sliedrecht-Oost;Sliedrecht-West;Gorinchem;Ridderkerk;Spitsfile (geen oorzaak gemeld);[Geen oorzaakcode opgegeven door VWM 50];[000];001;Spitsfile (geen oorzaak gemeld);Geen oorzaak gemeld;Drukte;Hoge intensiteit
2757355;2020-04-20;2020-04-20;15:28:00;15:52:59;49,967;2000,000;24,983;13,0;11,0;A;73;A73;oplopend;Maasbracht;Linne;Maasbracht;Nijmegen;Ongeval(len);[Ongeval(len) 25];[ACI];ACI;Ongeval(len);Ongeval;Ongeval;Ongeval
2757491;2020-04-21;2020-04-21;16:42:00;17:38:31;150,100;2655,854;56,517;158,7;156,7;A;2;A2;oplopend;Batadorp;De Hogt;Eindhoven;Maastricht-Noord;Er ligt rommel op de weg;[Geen oorzaakcode opgegeven door VWM 1], [Er ligt rommel op de weg 50], [Geen oorzaakcode opgegeven door VWM 5];[000], [SPL], [000];SPL;Er ligt rommel op de weg;Lading op de weg;Incident (obstakel op de weg);Incident
2757438;2020-04-21;2020-04-21;13:16:00;13:31:26;30,867;2000,000;15,433;75,2;73,2;A;4;A4;oplopend;Pernis;Benelux;Den Haag;Rotterdam;Voorwerpen op de weg;[Geen oorzaakcode opgegeven door VWM 1], [Voorwerpen op de weg 13], [Geen oorzaakcode opgegeven door VWM 1];[000], [OBR], [000];OBR;Voorwerpen op de weg;Lading op de weg;Incident (obstakel op de weg);Incident
2757364;2020-04-20;2020-04-20;16:37:00;17:29:32;105,867;2015,228;52,533;103,0;101,0;A;27;A27;oplopend;Eemnes;Huizen;Utrecht;Almere;Afremmend verkeer als gevolg van kijkers naar  ongeval(len);[Afremmend verkeer als gevolg van kijkers naar  ongeval(len) 53];[YDO];YDO;Afremmend verkeer als gevolg van kijkers naar  ongeval(len);Kijkfile;Ongeval;Ongeval
2758124;2020-04-29;2020-04-29;15:03:00;15:19:43;33,433;2000,000;16,717;29,9;27,9;A;10;A10;oplopend;Coentunnel;Coenplein;De Nieuwe Meer;Watergraafsmeer;Ongeval (met opruim/berging);[Geen oorzaakcode opgegeven door VWM 1], [Opruimingswerkzaamheden 8], [Eerder(e) ongeval(len) 8];[000], [OCL], [ACA];ACI;Ongeval(len);Ongeval;Ongeval;Ongeval
2758137;2020-04-29;2020-04-29;16:10:00;16:14:42;9,400;2000,000;4,700;36,3;34,0;A;16;A16;oplopend;Dordrecht-Centrum;'s-Gravendeel;Rotterdam;Breda;Spitsfile (geen oorzaak gemeld);[Geen oorzaakcode opgegeven door VWM 5];[000];001;Spitsfile (geen oorzaak gemeld);Geen oorzaak gemeld;Drukte;Hoge intensiteit
2758094;2020-04-29;2020-04-29;6:39:00;7:04:27;57,917;2275,704;25,450;88,7;90,7;A;15;A15;aflopend;Gorinchem;Hardinxveld-Giessendam;Gorinchem;Ridderkerk;Spitsfile (geen oorzaak gemeld);[Geen oorzaakcode opgegeven door VWM 25];[000];001;Spitsfile (geen oorzaak gemeld);Geen oorzaak gemeld;Drukte;Hoge intensiteit
2758097;2020-04-29;2020-04-29;8:52:00;12:33:44;936,317;4222,715;221,733;0,1;5,1;A;67;A67;aflopend;Nederland;België;Eindhoven;Turnhout;Grenscontrole;[Grenscontrole 222];[N39];N39;Grenscontrole;Politiecontrole;Politiecontrole;Overige oorzaken
2758145;2020-04-29;2020-04-29;16:27:00;16:48:35;67,850;3143,629;21,583;27,7;29,7;A;58;A58;aflopend;Brug Over Het Wilhelminakanaal Hm 20.7;Oirschot;Breda;Eindhoven;Ongeval(len);[Geen oorzaakcode opgegeven door VWM 5], [Ongeval(len) 17];[000], [ACI];ACI;Ongeval(len);Ongeval;Ongeval;Ongeval
2758266;2020-04-30;2020-04-30;16:03:00;16:17:39;29,300;2000,000;14,650;36,2;38,2;A;27;A27;aflopend;Noordeloos;Gorinchem;Almere;Breda;Spitsfile (geen oorzaak gemeld);[Geen oorzaakcode opgegeven door VWM 15];[000];001;Spitsfile (geen oorzaak gemeld);Geen oorzaak gemeld;Drukte;Hoge intensiteit
2756278;2020-04-02;2020-04-02;16:50:00;17:26:42;76,383;2081,290;36,700;70,2;72,2;A;4;A4;aflopend;Schiedam-Noord;Kethelplein;Rotterdam;Den Haag;Technische storing;[Geen oorzaakcode opgegeven door VWM 1], [Technische storing 36], [Geen oorzaakcode opgegeven door VWM 0];[000], [M04], [000];M04;Technische storing;Falen DVM/IA;Falen DVM/IA;Ongepland onderhoud
2756274;2020-04-02;2020-04-02;16:40:00;17:45:57;358,783;5440,233;65,950;26,7;24,7;A;7;A7;oplopend;Purmerend-Noord;Avenhorn;Zaanstad;Hoorn;Ongeval(len);[Geen oorzaakcode opgegeven door VWM 1], [Ongeval(len) 45], [Eerder(e) ongeval(len) 20];[000], [ACI], [ACA];ACI;Ongeval(len);Ongeval;Ongeval;Ongeval
2756263;2020-04-02;2020-04-02;15:25:00;15:53:53;57,767;2000,000;28,883;52,7;50,7;A;15;A15;oplopend;Benelux;Rotterdam-Heijplaat;Europoort;Ridderkerk;Defecte vrachtwagen(s);[Geen oorzaakcode opgegeven door VWM 0], [Defecte vrachtwagen(s) 23], [Eerder pechgeval 5];[000], [HBD], [M13];HBD;Defecte vrachtwagen(s);Defecte vrachtwagen;Incident (gestrand voertuig);Incident
2756228;2020-04-02;2020-04-02;6:37:00;7:07:58;78,733;2542,519;30,967;65,5;69,5;A;2;A2;aflopend;Nieuwegein;Oudenrijn;'s-Hertogenbosch;Utrecht;Ongeval met vrachtwagen(s);[Ongeval met vrachtwagen(s) 31];[ACH];ACH;Ongeval met vrachtwagen(s);Ongeval vrachtwagen;Ongeval;Ongeval
2756361;2020-04-03;2020-04-03;17:14:00;18:12:40;185,367;3159,659;58,667;55,1;53,1;A;2;A2;oplopend;Breukelen;Maarssen;Amsterdam;Utrecht;Ongeval(len);[Geen oorzaakcode opgegeven door VWM 1], [Ongeval(len) 47], [Eerder(e) ongeval(len) 11];[000], [ACI], [ACA];ACI;Ongeval(len);Ongeval;Ongeval;Ongeval
2756242;2020-04-02;2020-04-02;10:01:00;10:31:55;68,083;2202,156;30,917;40,0;38,0;A;1;A1;oplopend;Amersfoort-West;Amersfoort-Noord;Amsterdam;Amersfoort;Ongeval(len);[Geen oorzaakcode opgegeven door VWM 1], [Ongeval(len) 30], [Eerder(e) ongeval(len) 0], [Geen oorzaakcode opgegeven door VWM 0];[000], [ACI], [ACA], [000];ACI;Ongeval(len);Ongeval;Ongeval;Ongeval
2758117;2020-04-29;2020-04-29;14:24:00;14:29:31;11,033;2000,000;5,517;46,7;44,7;A;9;A9;oplopend;Rottepolderplein;Brug Over Het Zijkanaal C;Amstelveen;Alkmaar;Brugopening;[Geen oorzaakcode opgegeven door VWM 0], [Brugopening 5];[000], [N73];N73;Brugopening;Brugopening;Blokkade;Hoge intensiteit
2758166;2020-04-29;2020-04-29;18:50:00;18:50:22;0,733;2000,000;0,367;194,0;192,0;A;50;A50;oplopend;Schaarsbergen;Hoenderloo;Arnhem;Apeldoorn;Ongeval(len);[Geen oorzaakcode opgegeven door VWM 0], [Ongeval(len) 0];[000], [ACI];ACI;Ongeval(len);Ongeval;Ongeval;Ongeval
2758237;2020-04-30;2020-04-30;14:17:00;14:44:39;63,317;2289,934;27,650;28,4;26,4;A;4;A4;oplopend;Roelofarendsveen;Hoogmade;Amsterdam;Den Haag;Ongeval(len);[Geen oorzaakcode opgegeven door VWM 1], [Ongeval(len) 18], [Eerder(e) ongeval(len) 9];[000], [ACI], [ACA];ACI;Ongeval(len);Ongeval;Ongeval;Ongeval
2758268;2020-04-30;2020-04-30;16:39:00;16:50:40;35,000;3000,000;11,667;82,6;85,6;A;15;A15;aflopend;Sliedrecht-Oost;Sliedrecht-West;Gorinchem;Ridderkerk;Spitsfile (geen oorzaak gemeld);[Geen oorzaakcode opgegeven door VWM 12];[000];001;Spitsfile (geen oorzaak gemeld);Geen oorzaak gemeld;Drukte;Hoge intensiteit
2758092;2020-04-29;2020-04-29;6:34:00;6:37:26;6,867;2000,000;3,433;91,3;93,3;A;15;A15;aflopend;Gorinchem;Hardinxveld-Giessendam;Gorinchem;Ridderkerk;Spitsfile (geen oorzaak gemeld);[Geen oorzaakcode opgegeven door VWM 3];[000];001;Spitsfile (geen oorzaak gemeld);Geen oorzaak gemeld;Drukte;Hoge intensiteit
2758141;2020-04-29;2020-04-29;16:20:00;16:25:41;14,700;2586,510;5,683;46,1;42,1;A;15;A15;oplopend;Botlektunnel;Botlekbrug;Europoort;Ridderkerk;Spitsfile (geen oorzaak gemeld);[Geen oorzaakcode opgegeven door VWM 6];[000];001;Spitsfile (geen oorzaak gemeld);Geen oorzaak gemeld;Drukte;Hoge intensiteit
2756349;2020-04-03;2020-04-03;14:21:00;14:36:03;30,100;2000,000;15,050;20,6;22,6;A;16;A16;aflopend;Rotterdam-Prins Alexander;Terbregseplein;Breda;Rotterdam;Brugopening;[Geen oorzaakcode opgegeven door VWM 1], [Brugopening 14];[000], [N73];N73;Brugopening;Brugopening;Blokkade;Hoge intensiteit
2756231;2020-04-02;2020-04-02;6:57:00;7:32:40;123,733;3469,159;35,667;6,1;4,1;A;5;A5;oplopend;Brug Over De Hoofdvaart;Raasdorp;Hoofddorp;Amsterdam;Ongeval (met opruim/berging);[Geen oorzaakcode opgegeven door VWM 1], [Ongeval(len) 14], [Opruimingswerkzaamheden 14], [Eerder(e) ongeval(len) 7];[000], [ACI], [OCL], [ACA];ACI;Ongeval(len);Ongeval;Ongeval;Ongeval
2756266;2020-04-02;2020-04-02;15:51:00;16:20:43;93,400;3143,017;29,717;49,7;51,7;A;58;A58;aflopend;Bavel;Tilburg-Reeshof;Breda;Tilburg;Ongeval(len);[Geen oorzaakcode opgegeven door VWM 1], [Ongeval(len) 17], [Eerder(e) ongeval(len) 12];[000], [ACI], [ACA];ACI;Ongeval(len);Ongeval;Ongeval;Ongeval
2756347;2020-04-03;2020-04-03;14:12:00;14:36:07;48,233;2000,000;24,117;20,8;18,8;A;16;A16;oplopend;Van Brienenoordbrug;Rotterdam-Feijenoord;Rotterdam;Breda;Brugopening;[Geen oorzaakcode opgegeven door VWM 1], [Brugopening 23];[000], [N73];N73;Brugopening;Brugopening;Blokkade;Hoge intensiteit
2756286;2020-04-02;2020-04-02;18:46:00;19:00:08;28,267;2000,000;14,133;123,5;121,5;A;12;A12;oplopend;Waterberg;Arnhem-Noord;Utrecht;Arnhem;Brandend(e) voertuig(en);[Brandend(e) voertuig(en) 14];[VFR];VFR;Brandend(e) voertuig(en);Defect voertuig;Incident (gestrand voertuig);Incident
2756348;2020-04-03;2020-04-03;14:12:00;14:36:12;48,400;2000,000;24,200;20,9;18,9;A;16;A16;oplopend;Rotterdam-Feijenoord;Ridderkerk-Noord;Rotterdam;Breda;Brugopening;[Geen oorzaakcode opgegeven door VWM 1], [Brugopening 23];[000], [N73];N73;Brugopening;Brugopening;Blokkade;Hoge intensiteit
2758189;2020-04-30;2020-04-30;6:34:00;6:47:35;31,183;2295,706;13,583;53,5;51,5;A;58;A58;oplopend;Tilburg-Reeshof;Bavel;Tilburg;Breda;Eerder pechgeval;[Geen oorzaakcode opgegeven door VWM 1], [Eerder pechgeval 13], [Geen oorzaakcode opgegeven door VWM 0];[000], [M13], [000];M13;Eerder pechgeval;Defect voertuig;Incident (gestrand voertuig);Incident
2758134;2020-04-29;2020-04-29;15:52:00;16:06:33;31,100;2137,457;14,550;36,9;34,6;A;16;A16;oplopend;Dordrecht-Centrum;'s-Gravendeel;Rotterdam;Breda;Voorwerpen op de weg;[Geen oorzaakcode opgegeven door VWM 1], [Voorwerpen op de weg 6], [Geen oorzaakcode opgegeven door VWM 8];[000], [OBR], [000];OBR;Voorwerpen op de weg;Lading op de weg;Incident (obstakel op de weg);Incident
2758128;2020-04-29;2020-04-29;15:17:00;15:22:41;11,367;2000,000;5,683;28,7;26,7;A;7;A7;oplopend;Avenhorn;Hoorn;Zaanstad;Hoorn;Spitsfile (geen oorzaak gemeld);[Geen oorzaakcode opgegeven door VWM 6];[000];001;Spitsfile (geen oorzaak gemeld);Geen oorzaak gemeld;Drukte;Hoge intensiteit
2758161;2020-04-29;2020-04-29;17:38:00;17:43:37;11,233;2000,000;5,617;33,9;35,9;A;27;A27;aflopend;Merwedebrug;Werkendam;Gorinchem;Breda;Defecte vrachtwagen(s);[Geen oorzaakcode opgegeven door VWM 0], [Defecte vrachtwagen(s) 0], [Eerder pechgeval 5];[000], [HBD], [M13];HBD;Defecte vrachtwagen(s);Defecte vrachtwagen;Incident (gestrand voertuig);Incident
2758159;2020-04-29;2020-04-29;17:35:00;17:52:53;35,767;2000,000;17,883;72,5;74,5;A;4;A4;aflopend;Beneluxtunnel;Vlaardingen-Oost;Rotterdam;Den Haag;Defect(e) voertuig(en);[Geen oorzaakcode opgegeven door VWM 1], [Defect(e) voertuig(en) 17];[000], [BKD];BKD;Defect(e) voertuig(en);Defect voertuig;Incident (gestrand voertuig);Incident
2756290;2020-04-02;2020-04-02;19:00:00;19:11:34;23,133;2000,000;11,567;123,2;121,2;A;12;A12;oplopend;Grijsoord;Waterberg;Utrecht;Arnhem;Defecte vrachtwagen (met opruim/berging);[Geen oorzaakcode opgegeven door VWM 0], [Brandend(e) voertuig(en) 8], [Defecte vrachtwagen(s) 2], [Opruimingswerkzaamheden 1];[000], [VFR], [HBD], [OCL];HBD;Defecte vrachtwagen(s);Defecte vrachtwagen;Incident (gestrand voertuig);Incident
2756342;2020-04-03;2020-04-03;13:26:00;13:39:05;26,167;2000,000;13,083;43,9;45,9;A;9;A9;aflopend;Brug Over Het Zijkanaal C;Rottepolderplein;Alkmaar;Amstelveen;Ongeval (met opruim/berging);[Geen oorzaakcode opgegeven door VWM 0], [Ongeval(len) 2], [Opruimingswerkzaamheden 11], [Geen oorzaakcode opgegeven door VWM 0];[000], [ACI], [OCL], [000];ACI;Ongeval(len);Ongeval;Ongeval;Ongeval
2756237;2020-04-02;2020-04-02;8:54:00;9:00:43;13,433;2000,000;6,717;5,5;7,5;A;10;A10;aflopend;Durgerdam;Volendam;Watergraafsmeer;Coenplein;Defecte vrachtwagen(s);[Defecte vrachtwagen(s) 3], [Eerder pechgeval 4];[HBD], [M13];HBD;Defecte vrachtwagen(s);Defecte vrachtwagen;Incident (gestrand voertuig);Incident
2756407;2020-04-04;2020-04-04;17:46:00;18:23:47;75,567;2000,000;37,783;12,5;10,5;A;13;A13;oplopend;Delft-Zuid;Rotterdam The Hague Airport;Rijswijk;Rotterdam;Voorwerpen op de weg;[Geen oorzaakcode opgegeven door VWM 1], [Voorwerpen op de weg 37];[000], [OBR];OBR;Voorwerpen op de weg;Lading op de weg;Incident (obstakel op de weg);Incident
2758112;2020-04-29;2020-04-29;14:03:00;16:49:15;341,567;2054,536;166,250;98,3;100,3;A;6;A6;aflopend;Urk;Ketelbrug;Emmeloord;Lelystad;Ongeval (met opruim/berging);[Ongeval(len) 103], [Opruimingswerkzaamheden 63];[ACI], [OCL];ACI;Ongeval(len);Ongeval;Ongeval;Ongeval
2758267;2020-04-30;2020-04-30;16:24:00;16:32:41;17,367;2000,000;8,683;35,8;37,8;A;27;A27;aflopend;Gorinchem;Industrieterrein Avelingen;Almere;Breda;Spitsfile (geen oorzaak gemeld);[Geen oorzaakcode opgegeven door VWM 9];[000];001;Spitsfile (geen oorzaak gemeld);Geen oorzaak gemeld;Drukte;Hoge intensiteit
2758093;2020-04-29;2020-04-29;6:34:00;6:35:26;2,867;2000,000;1,433;54,3;56,3;A;1;A1;aflopend;Voorthuizen;Barneveld;Apeldoorn;Amersfoort;Spitsfile (geen oorzaak gemeld);[Geen oorzaakcode opgegeven door VWM 1];[000];001;Spitsfile (geen oorzaak gemeld);Geen oorzaak gemeld;Drukte;Hoge intensiteit
2758152;2020-04-29;2020-04-29;16:55:00;16:56:40;5,000;3000,000;1,667;122,0;119,0;A;1;A1;oplopend;Lochem;Markelo;Apeldoorn;Hengelo;Spitsfile (geen oorzaak gemeld);[Geen oorzaakcode opgegeven door VWM 2];[000];001;Spitsfile (geen oorzaak gemeld);Geen oorzaak gemeld;Drukte;Hoge intensiteit
2758190;2020-04-30;2020-04-30;6:37:00;7:00:25;52,283;2232,740;23,417;56,5;54,5;A;15;A15;oplopend;Rotterdam-Zuidplein;Vaanplein;Europoort;Ridderkerk;Defecte vrachtwagen(s);[Geen oorzaakcode opgegeven door VWM 3], [Defecte vrachtwagen(s) 8], [Eerder pechgeval 13];[000], [HBD], [M13];HBD;Defecte vrachtwagen(s);Defecte vrachtwagen;Incident (gestrand voertuig);Incident
2758142;2020-04-29;2020-04-29;16:23:00;17:32:40;273,883;3931,340;69,667;25,9;22,9;N;325;N325;oplopend;Westervoort;Presikhaaf;Arnhem;Arnhem Velperbroek;Ongeval (met opruim/berging);[Geen oorzaakcode opgegeven door VWM 1], [Ongeval(len) 25], [Opruimingswerkzaamheden 6], [Eerder(e) ongeval(len) 38];[000], [ACI], [OCL], [ACA];ACI;Ongeval(len);Ongeval;Ongeval;Ongeval
2758251;2020-04-30;2020-04-30;15:11:00;16:38:42;282,383;3219,878;87,700;91,8;93,8;A;15;A15;aflopend;Gorinchem;Hardinxveld-Giessendam;Gorinchem;Ridderkerk;Defecte vrachtwagen(s);[Geen oorzaakcode opgegeven door VWM 1], [Defecte vrachtwagen(s) 58], [Eerder pechgeval 29];[000], [HBD], [M13];HBD;Defecte vrachtwagen(s);Defecte vrachtwagen;Incident (gestrand voertuig);Incident
2758090;2020-04-29;2020-04-29;6:34:00;6:43:29;23,433;2471,002;9,483;81,9;84,9;A;15;A15;aflopend;Sliedrecht-Oost;Sliedrecht-West;Gorinchem;Ridderkerk;Spitsfile (geen oorzaak gemeld);[Geen oorzaakcode opgegeven door VWM 9];[000];001;Spitsfile (geen oorzaak gemeld);Geen oorzaak gemeld;Drukte;Hoge intensiteit
2758254;2020-04-30;2020-04-30;15:30:00;15:54:00;48,000;2000,000;24,000;73,0;75,0;A;4;A4;aflopend;Beneluxtunnel;Vlaardingen-Oost;Rotterdam;Den Haag;Defect(e) voertuig(en);[Geen oorzaakcode opgegeven door VWM 1], [Defect(e) voertuig(en) 23];[000], [BKD];BKD;Defect(e) voertuig(en);Defect voertuig;Incident (gestrand voertuig);Incident
2758274;2020-04-30;2020-04-30;17:16:00;19:31:22;903,767;6676,434;135,367;122,0;114,0;A;1;A1;oplopend;Lochem;Markelo;Apeldoorn;Hengelo;Ongeval (met opruim/berging);[Geen oorzaakcode opgegeven door VWM 0], [Ongeval(len) 30], [Opruimingswerkzaamheden 62], [Eerder(e) ongeval(len) 43];[000], [ACI], [OCL], [ACA];ACI;Ongeval(len);Ongeval;Ongeval;Ongeval
2758129;2020-04-29;2020-04-29;15:36:00;16:17:33;107,467;2586,442;41,550;40,3;38,3;A;15;A15;oplopend;Rozenburg-Centrum;Havens 4000-5200;Europoort;Ridderkerk;Ongeval(len);[Geen oorzaakcode opgegeven door VWM 1], [Ongeval(len) 31], [Eerder(e) ongeval(len) 9];[000], [ACI], [ACA];ACI;Ongeval(len);Ongeval;Ongeval;Ongeval
2758272;2020-04-30;2020-04-30;17:00:00;18:39:20;198,667;2000,000;99,333;122,0;124,0;A;1;A1;aflopend;Markelo;Lochem;Hengelo;Apeldoorn;Ongeval (met opruim/berging);[Geschaarde aanhanger(s) 47], [Opruimingswerkzaamheden 52];[AJT], [OCL];ACI;Ongeval(len);Ongeval;Ongeval;Ongeval
2758139;2020-04-29;2020-04-29;16:14:00;16:48:41;103,083;2972,129;34,683;45,6;47,6;A;15;A15;aflopend;Botlektunnel;Spijkenisse;Ridderkerk;Europoort;Ongeval (met opruim/berging);[Geen oorzaakcode opgegeven door VWM 1], [Ongeval(len) 28], [Opruimingswerkzaamheden 6], [Eerder(e) ongeval(len) 0];[000], [ACI], [OCL], [ACA];ACI;Ongeval(len);Ongeval;Ongeval;Ongeval
2758269;2020-04-30;2020-04-30;16:55:00;17:16:05;82,783;3926,482;21,083;122,0;119,0;A;1;A1;oplopend;Lochem;Markelo;Apeldoorn;Hengelo;Geschaarde aanhanger(s);[Ongeval(len) 5], [Geschaarde aanhanger(s) 16], [Geen oorzaakcode opgegeven door VWM 0];[ACI], [AJT], [000];AJT;Geschaarde aanhanger(s);Ongeval;Ongeval;Ongeval
2758101;2020-04-29;2020-04-29;10:40:00;10:42:26;4,867;2000,000;2,433;46,9;48,9;A;9;A9;aflopend;Brug Over Het Zijkanaal C;Rottepolderplein;Alkmaar;Amstelveen;File buiten spits (geen oorzaak gemeld);[Geen oorzaakcode opgegeven door VWM 1], [Brugopening 0], [Geen oorzaakcode opgegeven door VWM 1];[000], [N73], [000];003;File buiten spits (geen oorzaak gemeld);Geen oorzaak gemeld;Drukte;Hoge intensiteit
2758186;2020-04-30;2020-04-30;6:19:00;6:51:41;65,367;2000,000;32,683;66,2;68,2;A;9;A9;aflopend;Heerhugowaard;Akersloot;Alkmaar;Amstelveen;Ongeval(len);[Geen oorzaakcode opgegeven door VWM 2], [Ongeval(len) 27], [Eerder(e) ongeval(len) 4];[000], [ACI], [ACA];ACI;Ongeval(len);Ongeval;Ongeval;Ongeval
2758233;2020-04-30;2020-04-30;13:09:00;14:02:17;198,917;3733,187;53,283;59,6;56,6;A;4;A4;oplopend;Delft;Slinksloot;Den Haag;Rotterdam;Defecte vrachtwagen(s);[Defecte vrachtwagen(s) 42], [Eerder pechgeval 11], [Geen oorzaakcode opgegeven door VWM 0];[HBD], [M13], [000];HBD;Defecte vrachtwagen(s);Defecte vrachtwagen;Incident (gestrand voertuig);Incident
2758240;2020-04-30;2020-04-30;14:28:00;14:35:40;15,333;2000,000;7,667;19,9;17,9;A;16;A16;oplopend;Rotterdam-Kralingen;Rotterdam-Centrum;Rotterdam;Breda;File buiten spits (geen oorzaak gemeld);[Geen oorzaakcode opgegeven door VWM 8];[000];003;File buiten spits (geen oorzaak gemeld);Geen oorzaak gemeld;Drukte;Hoge intensiteit
2758095;2020-04-29;2020-04-29;7:12:00;7:16:27;8,900;2000,000;4,450;48,8;50,8;A;1;A1;aflopend;Hoevelaken;Hoevelaken;Apeldoorn;Amsterdam;Spitsfile (geen oorzaak gemeld);[Geen oorzaakcode opgegeven door VWM 4];[000];001;Spitsfile (geen oorzaak gemeld);Geen oorzaak gemeld;Drukte;Hoge intensiteit
2758239;2020-04-30;2020-04-30;14:27:00;14:49:56;45,867;2000,000;22,933;21,1;23,1;A;16;A16;aflopend;Rotterdam-Prins Alexander;Terbregseplein;Breda;Rotterdam;Eerder pechgeval;[Geen oorzaakcode opgegeven door VWM 10], [Eerder pechgeval 13];[000], [M13];M13;Eerder pechgeval;Defect voertuig;Incident (gestrand voertuig);Incident
2758116;2020-04-29;2020-04-29;14:23:00;14:29:27;12,900;2000,000;6,450;46,9;48,9;A;9;A9;aflopend;Brug Over Het Zijkanaal C;Rottepolderplein;Alkmaar;Amstelveen;Brugopening;[Geen oorzaakcode opgegeven door VWM 1], [Brugopening 5];[000], [N73];N73;Brugopening;Brugopening;Blokkade;Hoge intensiteit
2756571;2020-04-07;2020-04-07;15:57:00;18:27:47;488,733;3241,296;150,783;52,9;50,9;A;4;A4;oplopend;Rijswijk;Den Haag-Zuid;Den Haag;Rotterdam;Ongeval op provinciale weg;[Geen oorzaakcode opgegeven door VWM 1], [Ongeval op provinciale weg 150];[000], [N66];N66;Ongeval op provinciale weg;Provinciale weg;Andere wegbeheerder;Overige oorzaken
2756575;2020-04-07;2020-04-07;16:31:00;16:44:15;26,500;2000,000;13,250;60,3;58,3;A;2;A2;oplopend;Leidsche Rijntunnel;Utrecht-Langerak;Amsterdam;'s-Hertogenbosch;Ongeval(len);[Geen oorzaakcode opgegeven door VWM 1], [Ongeval(len) 12], [Eerder(e) ongeval(len) 0];[000], [ACI], [ACA];ACI;Ongeval(len);Ongeval;Ongeval;Ongeval
2758148;2020-04-29;2020-04-29;16:31:00;16:49:53;41,567;2201,236;18,883;68,0;65,0;A;67;A67;oplopend;Venlo Tradeport West;Zaarderheiken;Eindhoven;Venlo;Ongeval(len);[Ongeval(len) 19];[ACI];ACI;Ongeval(len);Ongeval;Ongeval;Ongeval
2758102;2020-04-29;2020-04-29;10:40:00;10:43:27;6,900;2000,000;3,450;47,2;45,2;A;9;A9;oplopend;Wijkertunnel;Beverwijk-Oost;Amstelveen;Alkmaar;File buiten spits (geen oorzaak gemeld);[Geen oorzaakcode opgegeven door VWM 1], [Brugopening 0], [Geen oorzaakcode opgegeven door VWM 2];[000], [N73], [000];003;File buiten spits (geen oorzaak gemeld);Geen oorzaak gemeld;Drukte;Hoge intensiteit
2758163;2020-04-29;2020-04-29;17:50:00;18:47:03;160,050;2805,434;57,050;123,8;121,8;A;12;A12;oplopend;Waterberg;Arnhem-Noord;Utrecht;Arnhem;Defect voertuig (met opruim/berging);[Brandend(e) voertuig(en) 36], [Opruimingswerkzaamheden 21];[VFR], [OCL];BKD;Defect(e) voertuig(en);Defect voertuig;Incident (gestrand voertuig);Incident
2758263;2020-04-30;2020-04-30;15:50:00;16:38:38;178,983;3680,261;48,633;61,6;58,6;A;4;A4;oplopend;Ketheltunnel;Kethelplein;Den Haag;Rotterdam;Defect(e) voertuig(en);[Geen oorzaakcode opgegeven door VWM 0], [Defect(e) voertuig(en) 12], [Eerder pechgeval 36], [Geen oorzaakcode opgegeven door VWM 0];[000], [BKD], [M13], [000];BKD;Defect(e) voertuig(en);Defect voertuig;Incident (gestrand voertuig);Incident
2758265;2020-04-30;2020-04-30;15:58:00;17:20:41;313,300;3789,155;82,683;47,7;45,7;A;15;A15;oplopend;Botlektunnel;Botlekbrug;Europoort;Ridderkerk;Spitsfile (geen oorzaak gemeld);[Geen oorzaakcode opgegeven door VWM 83];[000];001;Spitsfile (geen oorzaak gemeld);Geen oorzaak gemeld;Drukte;Hoge intensiteit
2756541;2020-04-07;2020-04-07;9:49:00;10:03:51;29,700;2000,000;14,850;11,5;13,5;A;1;A1;aflopend;Vechtzicht;Muiden;Amersfoort;Amsterdam;Defect(e) voertuig(en);[Geen oorzaakcode opgegeven door VWM 1], [Defect(e) voertuig(en) 14];[000], [BKD];BKD;Defect(e) voertuig(en);Defect voertuig;Incident (gestrand voertuig);Incident
2756567;2020-04-07;2020-04-07;15:16:00;15:37:43;43,433;2000,000;21,717;73,2;71,2;A;58;A58;oplopend;Breda-West;Etten-Leur;Breda;Bergen op Zoom;Ongeval(len);[Ongeval(len) 22];[ACI];ACI;Ongeval(len);Ongeval;Ongeval;Ongeval
2756552;2020-04-07;2020-04-07;11:57:00;12:16:25;38,833;2000,000;19,417;3,7;5,7;A;4;A4;aflopend;Schipholtunnel;Badhoevedorp;Den Haag;Amsterdam;Ongeval(len);[Ongeval(len) 13], [Eerder(e) ongeval(len) 6];[ACI], [ACA];ACI;Ongeval(len);Ongeval;Ongeval;Ongeval
2756519;2020-04-07;2020-04-07;6:28:00;7:00:40;111,350;3408,674;32,667;44,8;46,8;A;16;A16;aflopend;Moerdijkbrug;'s-Gravendeel;Breda;Rotterdam;Ongeval(len);[Geen oorzaakcode opgegeven door VWM 1], [Ongeval(len) 13], [Eerder(e) ongeval(len) 19];[000], [ACI], [ACA];ACI;Ongeval(len);Ongeval;Ongeval;Ongeval
2756576;2020-04-07;2020-04-07;16:41:00;17:23:18;111,667;2639,874;42,300;172,6;170,6;A;2;A2;oplopend;Leenderheide/Randweg N2;Valkenswaard;Eindhoven;Maastricht-Noord;Ongevalsonderzoek;[Geen oorzaakcode opgegeven door VWM 1], [Ongevalsonderzoek 27], [Eerder(e) ongeval(len) 14];[000], [ACW], [ACA];ACW;Ongevalsonderzoek;Ongevalsafhandeling;Ongeval;Ongeval
2756527;2020-04-07;2020-04-07;7:26:00;7:55:47;67,633;2270,845;29,783;28,2;30,2;A;20;A20;aflopend;Rotterdam-Overschie;Giessenbrug;Gouda;Hoek van Holland;Ongeval(len);[Ongeval(len) 12], [Eerder(e) ongeval(len) 18];[ACI], [ACA];ACI;Ongeval(len);Ongeval;Ongeval;Ongeval
2758249;2020-04-30;2020-04-30;15:10:00;16:42:18;270,883;2934,814;92,300;134,8;136,8;A;50;A50;aflopend;Ravenstein;Paalgraven;Arnhem;Eindhoven;Object op de weg (met opruim/berging);[Er ligt rommel op de weg 66], [Opruimwerkzaamheden 8], [Geen oorzaakcode opgegeven door VWM 19];[SPL], [CLE], [000];INS;Incident(en);Incident;Incident;Incident
2758091;2020-04-29;2020-04-29;6:34:00;6:39:27;10,900;2000,000;5,450;28,3;30,3;A;15;A15;aflopend;Dintelhavenbrug;Havens 6200-7000;Ridderkerk;Europoort;Spitsfile (geen oorzaak gemeld);[Geen oorzaakcode opgegeven door VWM 5];[000];001;Spitsfile (geen oorzaak gemeld);Geen oorzaak gemeld;Drukte;Hoge intensiteit
2758118;2020-04-29;2020-04-29;14:37:00;14:49:54;25,800;2000,000;12,900;27,6;29,6;A;20;A20;aflopend;Giessenbrug;Rotterdam-Delfshaven;Gouda;Hoek van Holland;Defect(e) voertuig(en);[Geen oorzaakcode opgegeven door VWM 0], [Defect(e) voertuig(en) 7], [Eerder pechgeval 6];[000], [BKD], [M13];BKD;Defect(e) voertuig(en);Defect voertuig;Incident (gestrand voertuig);Incident
2758248;2020-04-30;2020-04-30;15:09:00;15:10:43;3,433;2000,000;1,717;74,1;72,1;A;4;A4;oplopend;Pernis;Benelux;Den Haag;Rotterdam;Spitsfile (geen oorzaak gemeld);[Geen oorzaakcode opgegeven door VWM 2];[000];001;Spitsfile (geen oorzaak gemeld);Geen oorzaak gemeld;Drukte;Hoge intensiteit
2758147;2020-04-29;2020-04-29;16:31:00;16:42:40;26,350;2258,571;11,667;78,8;76,8;A;15;A15;oplopend;Alblasserdam;Papendrecht;Ridderkerk;Gorinchem;Spitsfile (geen oorzaak gemeld);[Geen oorzaakcode opgegeven door VWM 12];[000];001;Spitsfile (geen oorzaak gemeld);Geen oorzaak gemeld;Drukte;Hoge intensiteit
2756572;2020-04-07;2020-04-07;16:00:00;17:58:29;305,317;2576,874;118,483;52,1;55,1;A;4;A4;aflopend;Den Haag-Zuid;Rijswijk;Rotterdam;Den Haag;Ongeval op provinciale weg;[Geen oorzaakcode opgegeven door VWM 1], [Ongeval op provinciale weg 117];[000], [N66];N66;Ongeval op provinciale weg;Provinciale weg;Andere wegbeheerder;Overige oorzaken
2758019;2020-04-28;2020-04-28;14:44:00;14:51:22;22,100;3000,000;7,367;25,1;22,1;N;325;N325;oplopend;Andrej Sacharovbrug;Westervoort;Arnhem;Arnhem Velperbroek;Ongeval (met ander incident);[Geen oorzaakcode opgegeven door VWM 1], [Bermbrand 0], [Ongeval(len) 6];[000], [FIG], [ACI];ACI;Ongeval(len);Ongeval;Ongeval;Ongeval
2758027;2020-04-28;2020-04-28;15:07:00;15:37:11;81,417;2697,405;30,183;31,4;29,4;A;20;A20;oplopend;Rotterdam-Crooswijk;Terbregseplein;Hoek van Holland;Gouda;Ongeval(len);[Ongeval(len) 5], [Eerder(e) ongeval(len) 25];[ACI], [ACA];ACI;Ongeval(len);Ongeval;Ongeval;Ongeval
2758038;2020-04-28;2020-04-28;16:12:00;16:28:33;49,650;3000,000;16,550;54,8;51,8;A;28;A28;oplopend;Harderwijk;Elspeet;Amersfoort;Zwolle;Defect(e) voertuig(en);[Geen oorzaakcode opgegeven door VWM 2], [Defect(e) voertuig(en) 15], [Geen oorzaakcode opgegeven door VWM 0];[000], [BKD], [000];BKD;Defect(e) voertuig(en);Defect voertuig;Incident (gestrand voertuig);Incident
2757989;2020-04-28;2020-04-28;8:45:00;8:46:36;3,200;2000,000;1,600;64,5;57,5;A;27;A27;oplopend;Lekbrug;Nieuwegein;Gorinchem;Utrecht;Spitsfile (geen oorzaak gemeld);[Geen oorzaakcode opgegeven door VWM 2];[000];001;Spitsfile (geen oorzaak gemeld);Geen oorzaak gemeld;Drukte;Hoge intensiteit
2758138;2020-04-29;2020-04-29;16:11:00;16:22:39;43,183;3706,724;11,650;73,1;71,1;A;6;A6;oplopend;Almere-Oostvaarders;Lelystad;Muiden;Lelystad;Spitsfile (geen oorzaak gemeld);[Geen oorzaakcode opgegeven door VWM 12];[000];001;Spitsfile (geen oorzaak gemeld);Geen oorzaak gemeld;Drukte;Hoge intensiteit
2758258;2020-04-30;2020-04-30;15:37:00;15:57:52;41,733;2000,000;20,867;38,3;36,3;A;15;A15;oplopend;Rozenburg/Industrieterrein Pothof;Rozenburg-Centrum;Europoort;Ridderkerk;Defecte vrachtwagen(s);[Geen oorzaakcode opgegeven door VWM 1], [Defecte vrachtwagen(s) 0], [Eerder pechgeval 19];[000], [HBD], [M13];HBD;Defecte vrachtwagen(s);Defecte vrachtwagen;Incident (gestrand voertuig);Incident
2758012;2020-04-28;2020-04-28;13:09:00;13:19:29;20,967;2000,000;10,483;29,8;27,8;A;20;A20;oplopend;Kleinpolderplein;Rotterdam-Noord;Hoek van Holland;Gouda;Ongeval met vrachtwagen(s);[Ongeval met vrachtwagen(s) 5], [Eerder(e) ongeval(len) 6];[ACH], [ACA];ACH;Ongeval met vrachtwagen(s);Ongeval vrachtwagen;Ongeval;Ongeval
2758044;2020-04-28;2020-04-28;16:44:00;16:57:38;27,267;2000,000;13,633;20,9;18,9;A;16;A16;oplopend;Rotterdam-Feijenoord;Ridderkerk-Noord;Rotterdam;Breda;Defect(e) voertuig(en);[Geen oorzaakcode opgegeven door VWM 0], [Defect(e) voertuig(en) 5], [Eerder pechgeval 9], [Geen oorzaakcode opgegeven door VWM 0];[000], [BKD], [M13], [000];BKD;Defect(e) voertuig(en);Defect voertuig;Incident (gestrand voertuig);Incident
2758041;2020-04-28;2020-04-28;16:33:00;16:39:55;13,833;2000,000;6,917;17,7;15,7;A;13;A13;oplopend;Overschie;Kleinpolderplein;Rijswijk;Rotterdam;Ongeval(len);[Geen oorzaakcode opgegeven door VWM 1], [Ongeval(len) 6], [Geen oorzaakcode opgegeven door VWM 0];[000], [ACI], [000];ACI;Ongeval(len);Ongeval;Ongeval;Ongeval
2758005;2020-04-28;2020-04-28;11:48:00;13:47:36;255,600;2137,124;119,600;61,1;59,1;A;58;A58;oplopend;Ulvenhout;Galder;Tilburg;Breda;Ongeval op aansluitende weg;[Geen oorzaakcode opgegeven door VWM 1], [Ongeval op aansluitende weg 119];[000], [N65];N65;Ongeval op aansluitende weg;Ongeval elders;Ongeval;Ongeval
2758024;2020-04-28;2020-04-28;15:00:00;15:43:21;124,583;2873,895;43,350;72,0;69,0;A;16;A16;oplopend;Galder;Industrieterrein Breda 6000-7000;Breda;Antwerpen;Grenscontrole;[Geen oorzaakcode opgegeven door VWM 2], [Grenscontrole 42];[000], [N39];N39;Grenscontrole;Politiecontrole;Politiecontrole;Overige oorzaken
2757998;2020-04-28;2020-04-28;10:43:00;11:25:22;84,733;2000,000;42,367;21,1;19,1;A;27;A27;oplopend;Hooipolder;Geertruidenberg;Breda;Gorinchem;Opruimwerkzaamheden;[Geen oorzaakcode opgegeven door VWM 1], [Spoedreparatie 2], [Opruimwerkzaamheden 39];[000], [N32], [CLE];CLE;Opruimwerkzaamheden;Opruimwerkzaamheden;Incident (opruimwerkzaamheden);Incident
2758030;2020-04-28;2020-04-28;15:18:00;17:23:20;416,833;3325,798;125,333;37,4;39,4;A;9;A9;aflopend;Raasdorp;Badhoevedorp;Alkmaar;Amstelveen;Afgevallen lading(en);[Geen oorzaakcode opgegeven door VWM 3], [Er ligt rommel op de weg 13], [Afgevallen lading(en) 109];[000], [SPL], [SHL];SHL;Afgevallen lading(en);Lading op de weg;Incident (obstakel op de weg);Incident
2758036;2020-04-28;2020-04-28;16:10:00;16:37:26;87,300;3182,260;27,433;32,0;29,0;A;20;A20;oplopend;Rotterdam-Crooswijk;Terbregseplein;Hoek van Holland;Gouda;Spitsfile (geen oorzaak gemeld);[Geen oorzaakcode opgegeven door VWM 27];[000];001;Spitsfile (geen oorzaak gemeld);Geen oorzaak gemeld;Drukte;Hoge intensiteit
2758015;2020-04-28;2020-04-28;14:19:00;14:33:27;8,900;2000,000;4,450;47,2;45,2;A;9;A9;oplopend;Wijkertunnel;Beverwijk-Oost;Amstelveen;Alkmaar;Brugopening;[Geen oorzaakcode opgegeven door VWM 1], [Brugopening 2], [Geen oorzaakcode opgegeven door VWM 2];[000], [N73], [000];N73;Brugopening;Brugopening;Blokkade;Hoge intensiteit
2758022;2020-04-28;2020-04-28;14:51:00;15:22:27;117,333;3730,790;31,450;25,1;22,1;N;325;N325;oplopend;Andrej Sacharovbrug;Westervoort;Arnhem;Arnhem Velperbroek;Spitsfile (geen oorzaak gemeld);[Geen oorzaakcode opgegeven door VWM 31];[000];001;Spitsfile (geen oorzaak gemeld);Geen oorzaak gemeld;Drukte;Hoge intensiteit
2758033;2020-04-28;2020-04-28;15:56:00;16:45:25;148,333;3001,686;49,417;33,5;31,5;A;4;A4;oplopend;Limesaquaduct;Zoeterwoude-Rijndijk;Amsterdam;Den Haag;Ongeval(len);[Geen oorzaakcode opgegeven door VWM 1], [Ongeval(len) 36], [Eerder(e) ongeval(len) 12];[000], [ACI], [ACA];ACI;Ongeval(len);Ongeval;Ongeval;Ongeval
2758043;2020-04-28;2020-04-28;16:43:00;17:03:29;64,467;3147,274;20,483;35,6;32,6;A;4;A4;oplopend;Zoeterwoude-Rijndijk;Zoeterwoude-Dorp;Amsterdam;Den Haag;Spitsfile (geen oorzaak gemeld);[Geen oorzaakcode opgegeven door VWM 20];[000];001;Spitsfile (geen oorzaak gemeld);Geen oorzaak gemeld;Drukte;Hoge intensiteit
2758037;2020-04-28;2020-04-28;16:10:00;16:28:26;70,683;3834,539;18,433;138,4;134,4;A;12;A12;oplopend;Westervoort;Duiven;Arnhem;Oberhausen;Ongeval(len);[Geen oorzaakcode opgegeven door VWM 7], [Ongeval(len) 12], [Geen oorzaakcode opgegeven door VWM 0];[000], [ACI], [000];ACI;Ongeval(len);Ongeval;Ongeval;Ongeval
2758014;2020-04-28;2020-04-28;14:19:00;14:24:28;10,933;2000,000;5,467;46,9;48,9;A;9;A9;aflopend;Brug Over Het Zijkanaal C;Rottepolderplein;Alkmaar;Amstelveen;Brugopening;[Geen oorzaakcode opgegeven door VWM 1], [Brugopening 2], [Geen oorzaakcode opgegeven door VWM 3];[000], [N73], [000];N73;Brugopening;Brugopening;Blokkade;Hoge intensiteit
2757987;2020-04-28;2020-04-28;7:24:00;8:04:28;146,883;3629,736;40,467;80,8;82,8;A;15;A15;aflopend;Sliedrecht-Oost;Sliedrecht-West;Gorinchem;Ridderkerk;Spitsfile (geen oorzaak gemeld);[Geen oorzaakcode opgegeven door VWM 40];[000];001;Spitsfile (geen oorzaak gemeld);Geen oorzaak gemeld;Drukte;Hoge intensiteit
2757985;2020-04-28;2020-04-28;7:22:00;7:30:28;33,867;4000,000;8,467;72,9;76,9;A;6;A6;aflopend;Lelystad;Almere-Oostvaarders;Joure;Muiden;Brandend(e) voertuig(en);[Geen oorzaakcode opgegeven door VWM 0], [Brandend(e) voertuig(en) 8];[000], [VFR];VFR;Brandend(e) voertuig(en);Defect voertuig;Incident (gestrand voertuig);Incident
2758049;2020-04-28;2020-04-28;17:25:00;17:40:40;47,000;3000,000;15,667;34,7;31,7;A;20;A20;oplopend;Rotterdam-Crooswijk;Terbregseplein;Hoek van Holland;Gouda;Defect(e) voertuig(en);[Geen oorzaakcode opgegeven door VWM 2], [Defect(e) voertuig(en) 14], [Geen oorzaakcode opgegeven door VWM 0];[000], [BKD], [000];BKD;Defect(e) voertuig(en);Defect voertuig;Incident (gestrand voertuig);Incident
2757993;2020-04-28;2020-04-28;10:09:00;11:06:50;115,667;2000,000;57,833;198,0;196,0;N;7;N7;oplopend;A7: Julianaplein;Groningen-Helpman;Zaanstad;Bremen;Wegwerkzaamheden;[Wegwerkzaamheden 58];[RWK];RWK;Wegwerkzaamheden;Werkzaamheden;Werkzaamheden;Aanleg en gepland onderhoud
2758031;2020-04-28;2020-04-28;15:23:00;15:27:22;8,733;2000,000;4,367;36,4;38,4;A;16;A16;aflopend;'s-Gravendeel;Dordrecht-Centrum;Breda;Rotterdam;Defecte vrachtwagen(s);[Geen oorzaakcode opgegeven door VWM 0], [Defecte vrachtwagen(s) 4];[000], [HBD];HBD;Defecte vrachtwagen(s);Defecte vrachtwagen;Incident (gestrand voertuig);Incident
2758000;2020-04-28;2020-04-28;11:08:00;13:08:45;241,500;2000,000;120,750;70,1;68,1;A;16;A16;oplopend;Galder;Industrieterrein Breda 6000-7000;Breda;Antwerpen;Ongeval (met opruim/berging);[Ongeval(len) 101], [Opruimwerkzaamheden 20];[ACI], [CLE];ACI;Ongeval(len);Ongeval;Ongeval;Ongeval
2757598;2020-04-22;2020-04-22;16:47:00;17:36:37;112,467;2266,712;49,617;249,7;251,7;N;50;N50;aflopend;Kampen;Kampen-Zuid;Emmeloord;Zwolle;Ongeval(len);[Ongeval(len) 50];[ACI];ACI;Ongeval(len);Ongeval;Ongeval;Ongeval
2757579;2020-04-22;2020-04-22;15:45:00;15:56:26;22,867;2000,000;11,433;30,0;32,0;A;10;A10;aflopend;Coentunnel;Amsterdam-Hemhavens;Watergraafsmeer;De Nieuwe Meer;Spitsfile (geen oorzaak gemeld);[Geen oorzaakcode opgegeven door VWM 11];[000];001;Spitsfile (geen oorzaak gemeld);Geen oorzaak gemeld;Drukte;Hoge intensiteit
2757534;2020-04-22;2020-04-22;10:17:00;11:28:11;182,700;2566,612;71,183;137,5;135,5;A;50;A50;oplopend;Paalgraven;Ravenstein;Eindhoven;Arnhem;Ongeval(len);[Ongeval(len) 48], [Eerder(e) ongeval(len) 23];[ACI], [ACA];ACI;Ongeval(len);Ongeval;Ongeval;Ongeval
2757599;2020-04-22;2020-04-22;16:58:00;17:31:55;101,750;3000,000;33,917;42,7;45,7;A;16;A16;aflopend;Moerdijkbrug;'s-Gravendeel;Breda;Rotterdam;Ongeval(len);[Geen oorzaakcode opgegeven door VWM 0], [Ongeval(len) 34];[000], [ACI];ACI;Ongeval(len);Ongeval;Ongeval;Ongeval
2757575;2020-04-22;2020-04-22;15:38:00;15:51:26;36,917;2748,139;13,433;34,0;31,0;A;16;A16;oplopend;Zwijndrecht;Drechttunnel;Rotterdam;Breda;Te ho(o)g(e) voertuig(en);[Te ho(o)g(e) voertuig(en) 2], [Geen oorzaakcode opgegeven door VWM 11];[OHV], [000];OHV;Te ho(o)g(e) voertuig(en);Hoogtemelding;Incident;Incident
2757572;2020-04-22;2020-04-22;15:35:00;15:37:28;4,933;2000,000;2,467;32,5;30,5;A;16;A16;oplopend;Hendrik-Ido-Ambacht;Zwijndrecht;Rotterdam;Breda;Spitsfile (geen oorzaak gemeld);[Geen oorzaakcode opgegeven door VWM 2];[000];001;Spitsfile (geen oorzaak gemeld);Geen oorzaak gemeld;Drukte;Hoge intensiteit
2757616;2020-04-22;2020-04-22;20:02:00;20:37:12;70,400;2000,000;35,200;41,0;43,0;A;16;A16;aflopend;Moerdijkbrug;'s-Gravendeel;Breda;Rotterdam;Ongeval(len);[Ongeval(len) 35];[ACI];ACI;Ongeval(len);Ongeval;Ongeval;Ongeval
2757621;2020-04-22;2020-04-22;20:35:00;20:57:11;44,367;2000,000;22,183;41,4;39,4;A;16;A16;oplopend;Moerdijkbrug;Klaverpolder;Rotterdam;Breda;Wegwerkzaamheden;[Geen oorzaakcode opgegeven door VWM 0], [Wegwerkzaamheden 22];[000], [RWK];RWK;Wegwerkzaamheden;Werkzaamheden;Werkzaamheden;Aanleg en gepland onderhoud
2756206;2020-04-01;2020-04-01;17:06:00;17:33:39;56,233;2033,755;27,650;88,8;86,8;A;1;A1;oplopend;Beekbergen;Voorst;Apeldoorn;Hengelo;Ongeval vrachtwagen (met opruim/berging);[Ongeval met vrachtwagen(s) 17], [Opruimingswerkzaamheden 8], [Eerder(e) ongeval(len) 3];[ACH], [OCL], [ACA];ACH;Ongeval met vrachtwagen(s);Ongeval vrachtwagen;Ongeval;Ongeval
2756208;2020-04-01;2020-04-01;17:49:00;18:03:58;29,933;2000,000;14,967;86,6;84,6;A;28;A28;oplopend;Brug Katerveer Ii;Zwolle-Zuid;Amersfoort;Zwolle;Ongeval(len);[Geen oorzaakcode opgegeven door VWM 1], [Ongeval(len) 14], [Geen oorzaakcode opgegeven door VWM 0];[000], [ACI], [000];ACI;Ongeval(len);Ongeval;Ongeval;Ongeval
2756202;2020-04-01;2020-04-01;16:16:00;17:03:17;331,583;7012,690;47,283;109,1;105,1;A;1;A1;oplopend;Deventer-Oost;Bathmen;Apeldoorn;Hengelo;Er ligt rommel op de weg;[Geen oorzaakcode opgegeven door VWM 0], [Er ligt rommel op de weg 47];[000], [SPL];SPL;Er ligt rommel op de weg;Lading op de weg;Incident (obstakel op de weg);Incident
2756211;2020-04-01;2020-04-01;18:04:00;18:11:14;14,467;2000,000;7,233;51,5;49,5;A;1;A1;oplopend;Hoevelaken;Barneveld;Amsterdam;Apeldoorn;Voorwerpen op de weg;[Geen oorzaakcode opgegeven door VWM 0], [Voorwerpen op de weg 2], [Geen oorzaakcode opgegeven door VWM 5];[000], [OBR], [000];OBR;Voorwerpen op de weg;Lading op de weg;Incident (obstakel op de weg);Incident
2756182;2020-04-01;2020-04-01;7:45:00;7:55:22;20,733;2000,000;10,367;48,6;50,6;A;9;A9;aflopend;Velsen;Brug Over Het Zijkanaal C;Alkmaar;Amstelveen;Defect(e) voertuig(en);[Geen oorzaakcode opgegeven door VWM 1], [Defect(e) voertuig(en) 9];[000], [BKD];BKD;Defect(e) voertuig(en);Defect voertuig;Incident (gestrand voertuig);Incident
2756180;2020-04-01;2020-04-01;6:37:00;7:04:21;107,050;3914,077;27,350;47,4;50,4;A;15;A15;aflopend;Botlektunnel;Spijkenisse;Ridderkerk;Europoort;Defect(e) voertuig(en);[Geen oorzaakcode opgegeven door VWM 1], [Defect(e) voertuig(en) 8], [Eerder pechgeval 19];[000], [BKD], [M13];BKD;Defect(e) voertuig(en);Defect voertuig;Incident (gestrand voertuig);Incident
2756203;2020-04-01;2020-04-01;16:36:00;16:46:35;26,433;2497,638;10,583;90,5;86,5;A;15;A15;oplopend;Gorinchem;Gorinchem;Ridderkerk;Gorinchem;Defect(e) voertuig(en);[Geen oorzaakcode opgegeven door VWM 0], [Defect(e) voertuig(en) 0], [Eerder pechgeval 10], [Geen oorzaakcode opgegeven door VWM 0];[000], [BKD], [M13], [000];BKD;Defect(e) voertuig(en);Defect voertuig;Incident (gestrand voertuig);Incident
2757601;2020-04-22;2020-04-22;17:04:00;17:05:28;2,933;2000,000;1,467;94,0;92,0;A;59;A59;oplopend;Terheijden;Made;Zonzeel;'s-Hertogenbosch;Eerder(e) ongeval(len);[Geen oorzaakcode opgegeven door VWM 0], [Eerder(e) ongeval(len) 1];[000], [ACA];ACA;Eerder(e) ongeval(len);Ongeval;Ongeval;Ongeval
2757603;2020-04-22;2020-04-22;17:11:00;17:37:27;52,900;2000,000;26,450;102,1;100,1;A;59;A59;oplopend;Oosterhout;Raamsdonksveer;Zonzeel;'s-Hertogenbosch;Opruimwerkzaamheden;[Geen oorzaakcode opgegeven door VWM 1], [Opruimwerkzaamheden 24], [Geen oorzaakcode opgegeven door VWM 2];[000], [CLE], [000];CLE;Opruimwerkzaamheden;Opruimwerkzaamheden;Incident (opruimwerkzaamheden);Incident
2757585;2020-04-22;2020-04-22;16:00:00;16:03:27;6,900;2000,000;3,450;30,0;32,0;A;10;A10;aflopend;Coentunnel;Amsterdam-Hemhavens;Watergraafsmeer;De Nieuwe Meer;Spitsfile (geen oorzaak gemeld);[Geen oorzaakcode opgegeven door VWM 3];[000];001;Spitsfile (geen oorzaak gemeld);Geen oorzaak gemeld;Drukte;Hoge intensiteit
2757537;2020-04-22;2020-04-22;11:20:00;11:36:38;43,617;2622,245;16,633;28,2;30,2;A;20;A20;aflopend;Rotterdam-Overschie;Giessenbrug;Gouda;Hoek van Holland;Ongeval met vrachtwagen(s);[Ongeval met vrachtwagen(s) 17];[ACH];ACH;Ongeval met vrachtwagen(s);Ongeval vrachtwagen;Ongeval;Ongeval
2757576;2020-04-22;2020-04-22;15:40:00;15:43:26;6,867;2000,000;3,433;30,0;32,0;A;10;A10;aflopend;Coentunnel;Amsterdam-Hemhavens;Watergraafsmeer;De Nieuwe Meer;Spitsfile (geen oorzaak gemeld);[Geen oorzaakcode opgegeven door VWM 3];[000];001;Spitsfile (geen oorzaak gemeld);Geen oorzaak gemeld;Drukte;Hoge intensiteit
2757594;2020-04-22;2020-04-22;16:31:00;16:51:28;54,350;2655,538;20,467;83,6;80,6;A;15;A15;oplopend;Sliedrecht-West;Sliedrecht-Oost;Ridderkerk;Gorinchem;Spitsfile (geen oorzaak gemeld);[Geen oorzaakcode opgegeven door VWM 20];[000];001;Spitsfile (geen oorzaak gemeld);Geen oorzaak gemeld;Drukte;Hoge intensiteit
2757586;2020-04-22;2020-04-22;16:06:00;16:12:26;12,867;2000,000;6,433;0,7;2,7;A;28;A28;aflopend;Utrecht-De Uithof;Rijnsweerd;Amersfoort;Utrecht;Spitsfile (geen oorzaak gemeld);[Geen oorzaakcode opgegeven door VWM 6];[000];001;Spitsfile (geen oorzaak gemeld);Geen oorzaak gemeld;Drukte;Hoge intensiteit
2757592;2020-04-22;2020-04-22;16:25:00;16:47:26;60,917;2715,453;22,433;108,5;106,5;A;1;A1;oplopend;Deventer-Oost;Bathmen;Apeldoorn;Hengelo;Spitsfile (geen oorzaak gemeld);[Geen oorzaakcode opgegeven door VWM 22];[000];001;Spitsfile (geen oorzaak gemeld);Geen oorzaak gemeld;Drukte;Hoge intensiteit
2757584;2020-04-22;2020-04-22;16:00:00;16:06:28;12,933;2000,000;6,467;28,7;26,7;A;16;A16;oplopend;Ridderkerk-Noord;Ridderkerk-Zuid;Rotterdam;Breda;Spitsfile (geen oorzaak gemeld);[Geen oorzaakcode opgegeven door VWM 6];[000];001;Spitsfile (geen oorzaak gemeld);Geen oorzaak gemeld;Drukte;Hoge intensiteit
2757558;2020-04-22;2020-04-22;14:29:00;14:35:27;12,900;2000,000;6,450;46,7;44,7;A;9;A9;oplopend;Rottepolderplein;Brug Over Het Zijkanaal C;Amstelveen;Alkmaar;File buiten spits (geen oorzaak gemeld);[Geen oorzaakcode opgegeven door VWM 6];[000];003;File buiten spits (geen oorzaak gemeld);Geen oorzaak gemeld;Drukte;Hoge intensiteit
2757597;2020-04-22;2020-04-22;16:47:00;17:12:33;64,183;2512,068;25,550;249,7;247,7;N;50;N50;oplopend;Kampen-Zuid;Kampen;Zwolle;Emmeloord;Ongeval(len);[Ongeval(len) 26];[ACI];ACI;Ongeval(len);Ongeval;Ongeval;Ongeval
2757590;2020-04-22;2020-04-22;16:13:00;16:22:27;18,900;2000,000;9,450;36,3;34,0;A;16;A16;oplopend;Dordrecht-Centrum;'s-Gravendeel;Rotterdam;Breda;Defect(e) voertuig(en);[Geen oorzaakcode opgegeven door VWM 1], [Defect(e) voertuig(en) 4], [Geen oorzaakcode opgegeven door VWM 4];[000], [BKD], [000];BKD;Defect(e) voertuig(en);Defect voertuig;Incident (gestrand voertuig);Incident
2757578;2020-04-22;2020-04-22;15:45:00;16:12:39;58,267;2107,294;27,650;77,5;79,5;A;27;A27;aflopend;Utrecht-De Uithof;Lunetten;Utrecht;Gorinchem;Defecte vrachtwagen(s);[Geen oorzaakcode opgegeven door VWM 1], [Defecte vrachtwagen(s) 2], [Defect(e) voertuig(en) 9], [Eerder pechgeval 16];[000], [HBD], [BKD], [M13];HBD;Defecte vrachtwagen(s);Defecte vrachtwagen;Incident (gestrand voertuig);Incident
2757582;2020-04-22;2020-04-22;16:00:00;16:13:28;37,933;2816,832;13,467;36,9;34,6;A;16;A16;oplopend;Dordrecht-Centrum;'s-Gravendeel;Rotterdam;Breda;Spitsfile (geen oorzaak gemeld);[Geen oorzaakcode opgegeven door VWM 13];[000];001;Spitsfile (geen oorzaak gemeld);Geen oorzaak gemeld;Drukte;Hoge intensiteit
2757574;2020-04-22;2020-04-22;15:36:00;17:03:52;322,300;3668,058;87,867;102,1;100,1;A;59;A59;oplopend;Oosterhout;Raamsdonksveer;Zonzeel;'s-Hertogenbosch;Ongeval (met object op de weg);[Geen oorzaakcode opgegeven door VWM 1], [Afgevallen lading(en) 27], [Ongeval(len) 60];[000], [SHL], [ACI];ACI;Ongeval(len);Ongeval;Ongeval;Ongeval
2757526;2020-04-22;2020-04-22;8:45:00;8:54:28;18,933;2000,000;9,467;26,7;28,7;A;7;A7;aflopend;Avenhorn;Purmerend-Noord;Hoorn;Zaanstad;Defecte vrachtwagen(s);[Geen oorzaakcode opgegeven door VWM 1], [Defecte vrachtwagen(s) 9];[000], [HBD];HBD;Defecte vrachtwagen(s);Defecte vrachtwagen;Incident (gestrand voertuig);Incident
2757090;2020-04-16;2020-04-16;14:51:00;15:19:28;63,933;2245,902;28,467;32,7;30,7;A;20;A20;oplopend;Rotterdam-Crooswijk;Terbregseplein;Hoek van Holland;Gouda;Eerder(e) ongeval(len);[Geen oorzaakcode opgegeven door VWM 17], [Eerder(e) ongeval(len) 11];[000], [ACA];ACA;Eerder(e) ongeval(len);Ongeval;Ongeval;Ongeval
2757214;2020-04-17;2020-04-17;16:03:00;18:29:45;858,900;5852,811;146,750;79,2;77,2;A;7;A7;oplopend;Brug Over Stevinsluizen;Breezanddijk;Amsterdam;Zurich;Ongeval(len);[Ongeval(len) 58], [Eerder(e) ongeval(len) 89];[ACI], [ACA];ACI;Ongeval(len);Ongeval;Ongeval;Ongeval
2757111;2020-04-16;2020-04-16;15:56:00;18:28:09;393,100;2583,635;152,150;128,0;126,0;A;50;A50;oplopend;Zeeland;Nistelrode;Eindhoven;Oss;Wegwerkzaamheden;[Wegwerkzaamheden 152];[RWK];RWK;Wegwerkzaamheden;Werkzaamheden;Werkzaamheden;Aanleg en gepland onderhoud
2757801;2020-04-24;2020-04-24;14:52:00;15:21:30;59,000;2000,000;29,500;73,4;71,4;A;15;A15;oplopend;Noordtunnel;Alblasserdam;Ridderkerk;Gorinchem;Te ho(o)g(e) voertuig(en);[Geen oorzaakcode opgegeven door VWM 1], [Te ho(o)g(e) voertuig(en) 29];[000], [OHV];OHV;Te ho(o)g(e) voertuig(en);Hoogtemelding;Incident;Incident
2757693;2020-04-23;2020-04-23;14:39:00;15:14:24;79,367;2241,996;35,400;185,9;183,9;A;2;A2;oplopend;Wildenberg;Weert-Noord;Eindhoven;Maastricht-Noord;Ongeval(len);[Ongeval(len) 35], [Eerder(e) ongeval(len) 0];[ACI], [ACA];ACI;Ongeval(len);Ongeval;Ongeval;Ongeval
2757829;2020-04-24;2020-04-24;16:45:00;17:01:56;33,867;2000,000;16,933;22,5;28,5;A;28;A28;aflopend;Hoevelaken;Amersfoort;Zwolle;Amersfoort;Opruimingswerkzaamheden;[Geen oorzaakcode opgegeven door VWM 1], [Opruimingswerkzaamheden 16], [Geen oorzaakcode opgegeven door VWM 0];[000], [OCL], [000];OCL;Opruimingswerkzaamheden;Opruimwerkzaamheden;Incident (opruimwerkzaamheden);Incident
2757794;2020-04-24;2020-04-24;13:45:00;13:49:23;2,100;2000,000;1,050;219,8;221,8;A;2;A2;aflopend;Het Vonderen;Sint Joost;Maastricht-Noord;Eindhoven;Ongeval(len);[Geen oorzaakcode opgegeven door VWM 0], [Ongeval(len) 1], [Eerder(e) ongeval(len) 0];[000], [ACI], [ACA];ACI;Ongeval(len);Ongeval;Ongeval;Ongeval
2757675;2020-04-23;2020-04-23;12:12:00;12:32:56;57,350;2739,650;20,933;162,3;164,3;A;2;A2;aflopend;De Hogt;Batadorp;Maastricht-Noord;Eindhoven;Defect(e) voertuig(en);[Geen oorzaakcode opgegeven door VWM 1], [Defect(e) voertuig(en) 20], [Geen oorzaakcode opgegeven door VWM 0];[000], [BKD], [000];BKD;Defect(e) voertuig(en);Defect voertuig;Incident (gestrand voertuig);Incident
2757790;2020-04-24;2020-04-24;13:13:00;13:41:37;62,217;2174,141;28,617;74,6;72,6;A;4;A4;oplopend;Pernis;Benelux;Den Haag;Rotterdam;Defect(e) voertuig(en);[Geen oorzaakcode opgegeven door VWM 1], [Defect(e) voertuig(en) 23], [Eerder pechgeval 5];[000], [BKD], [M13];BKD;Defect(e) voertuig(en);Defect voertuig;Incident (gestrand voertuig);Incident
2757804;2020-04-24;2020-04-24;15:18:00;15:59:13;82,433;2000,000;41,217;159,0;161,0;A;1;A1;aflopend;Hengelo-Noord;Hengelo;Osnabrück;Hengelo;Politieonderzoek;[Politieonderzoek 41];[N05];N05;Politieonderzoek;Ongevalsafhandeling;Ongeval;Ongeval
2757667;2020-04-23;2020-04-23;11:42:00;12:18:26;72,867;2000,000;36,433;141,2;139,2;A;12;A12;oplopend;Duiven;Zevenaar;Arnhem;Oberhausen;Wegwerkzaamheden;[Geen oorzaakcode opgegeven door VWM 1], [Wegwerkzaamheden 31], [Geen oorzaakcode opgegeven door VWM 4];[000], [RWK], [000];RWK;Wegwerkzaamheden;Werkzaamheden;Werkzaamheden;Aanleg en gepland onderhoud
2757769;2020-04-24;2020-04-24;6:19:00;8:57:47;817,417;5148,000;158,783;58,5;60,5;A;67;A67;aflopend;Venlo Tradeport West;Helden;Venlo;Eindhoven;Ongeval(len);[Ongeval(len) 36], [Ongevalsonderzoek 123];[ACI], [ACW];ACI;Ongeval(len);Ongeval;Ongeval;Ongeval
2757730;2020-04-23;2020-04-23;17:45:00;18:22:56;75,867;2000,000;37,933;39,1;41,1;A;1;A1;aflopend;Amersfoort-Noord;Amersfoort-West;Amersfoort;Amsterdam;Dieren op de weg;[Geen oorzaakcode opgegeven door VWM 0], [Dieren op de weg 38];[000], [ANM];ANM;Dieren op de weg;Mensen of dieren op de weg;Incident (obstakel op de weg);Incident
2757705;2020-04-23;2020-04-23;15:51:00;16:08:25;78,817;4525,359;17,417;58,3;54,3;A;15;A15;oplopend;Rotterdam-Zuidplein;Vaanplein;Europoort;Ridderkerk;Voorwerpen op de weg;[Geen oorzaakcode opgegeven door VWM 1], [Voorwerpen op de weg 7], [Geen oorzaakcode opgegeven door VWM 10];[000], [OBR], [000];OBR;Voorwerpen op de weg;Lading op de weg;Incident (obstakel op de weg);Incident
2757688;2020-04-23;2020-04-23;14:29:00;14:55:32;53,067;2000,000;26,533;40,9;38,9;A;9;A9;oplopend;Raasdorp;Haarlem-Zuid;Amstelveen;Alkmaar;Ongeval(len);[Geen oorzaakcode opgegeven door VWM 0], [Ongeval(len) 20], [Eerder(e) ongeval(len) 6];[000], [ACI], [ACA];ACI;Ongeval(len);Ongeval;Ongeval;Ongeval
2757814;2020-04-24;2020-04-24;16:08:00;16:38:48;81,467;2645,022;30,800;54,4;56,4;A;12;A12;aflopend;Oudenrijn;De Meern;Utrecht;Den Haag;Geschaarde aanhanger(s);[Geschaarde aanhanger(s) 11], [Eerder(e) ongeval(len) 20];[AJT], [ACA];AJT;Geschaarde aanhanger(s);Ongeval;Ongeval;Ongeval
2757709;2020-04-23;2020-04-23;16:03:00;16:41:26;183,933;4785,776;38,433;108,6;104,6;A;1;A1;oplopend;Deventer-Oost;Bathmen;Apeldoorn;Hengelo;Eerder pechgeval;[Geen oorzaakcode opgegeven door VWM 11], [Eerder pechgeval 12], [Geen oorzaakcode opgegeven door VWM 16];[000], [M13], [000];M13;Eerder pechgeval;Defect voertuig;Incident (gestrand voertuig);Incident
2757795;2020-04-24;2020-04-24;14:23:00;14:41:27;36,900;2000,000;18,450;158,4;156,4;A;1;A1;oplopend;Hengelo;Hengelo-Noord;Apeldoorn;Osnabrück;Politieonderzoek;[Geen oorzaakcode opgegeven door VWM 1], [Politieonderzoek 11], [Geen oorzaakcode opgegeven door VWM 7];[000], [N05], [000];N05;Politieonderzoek;Ongevalsafhandeling;Ongeval;Ongeval
2757722;2020-04-23;2020-04-23;16:48:00;17:22:26;98,900;2872,217;34,433;78,3;76,3;A;15;A15;oplopend;Alblasserdam;Papendrecht;Ridderkerk;Gorinchem;Ongeval(len);[Geen oorzaakcode opgegeven door VWM 1], [Ongeval(len) 23], [Eerder(e) ongeval(len) 10];[000], [ACI], [ACA];ACI;Ongeval(len);Ongeval;Ongeval;Ongeval
2757800;2020-04-24;2020-04-24;14:50:00;14:56:15;12,500;2000,000;6,250;31,4;33,4;A;28;A28;aflopend;Amersfoort-Vathorst;Hoevelaken;Zwolle;Amersfoort;Eerder pechgeval;[Geen oorzaakcode opgegeven door VWM 0], [Eerder pechgeval 6];[000], [M13];M13;Eerder pechgeval;Defect voertuig;Incident (gestrand voertuig);Incident
2757645;2020-04-23;2020-04-23;6:49:00;7:01:27;24,900;2000,000;12,450;72,7;70,7;A;4;A4;oplopend;Pernis;Benelux;Den Haag;Rotterdam;Ongeval (met opruim/berging);[Geen oorzaakcode opgegeven door VWM 1], [Opruimingswerkzaamheden 6], [Eerder(e) ongeval(len) 6];[000], [OCL], [ACA];ACI;Ongeval(len);Ongeval;Ongeval;Ongeval
2757663;2020-04-23;2020-04-23;10:39:00;10:43:27;8,900;2000,000;4,450;46,9;48,9;A;9;A9;aflopend;Brug Over Het Zijkanaal C;Rottepolderplein;Alkmaar;Amstelveen;Brugopening;[Geen oorzaakcode opgegeven door VWM 1], [Brugopening 4];[000], [N73];N73;Brugopening;Brugopening;Blokkade;Hoge intensiteit
2757713;2020-04-23;2020-04-23;16:19:00;16:54:51;91,417;2549,977;35,850;60,7;58,7;A;15;A15;oplopend;Rotterdam-Zuidplein;Vaanplein;Europoort;Ridderkerk;Ongeval met vrachtwagen(s);[Geen oorzaakcode opgegeven door VWM 3], [Ongeval(len) 3], [Ongeval met vrachtwagen(s) 23], [Eerder(e) ongeval(len) 7];[000], [ACI], [ACH], [ACA];ACH;Ongeval met vrachtwagen(s);Ongeval vrachtwagen;Ongeval;Ongeval
2757672;2020-04-23;2020-04-23;11:54:00;12:25:27;62,900;2000,000;31,450;16,8;14,8;A;10;A10;oplopend;Rozenoordbrug;Amsterdam-Rivierenbuurt;Watergraafsmeer;De Nieuwe Meer;Ongeval (met opruim/berging);[Geen oorzaakcode opgegeven door VWM 1], [Opruimingswerkzaamheden 30], [Eerder(e) ongeval(len) 1];[000], [OCL], [ACA];ACI;Ongeval(len);Ongeval;Ongeval;Ongeval
2757783;2020-04-24;2020-04-24;11:50:00;12:15:45;51,500;2000,000;25,750;196,4;194,4;A;28;A28;oplopend;Haren;Groningen-Zuid;Assen;Groningen;Opruimingswerkzaamheden;[Opruimingswerkzaamheden 26];[OCL];OCL;Opruimingswerkzaamheden;Opruimwerkzaamheden;Incident (opruimwerkzaamheden);Incident
2757776;2020-04-24;2020-04-24;9:16:00;9:20:48;9,600;2000,000;4,800;142,0;144,0;A;12;A12;aflopend;Zevenaar;Duiven;Oberhausen;Arnhem;Wegwerkzaamheden;[Geen oorzaakcode opgegeven door VWM 1], [Wegwerkzaamheden 4], [Geen oorzaakcode opgegeven door VWM 0];[000], [RWK], [000];RWK;Wegwerkzaamheden;Werkzaamheden;Werkzaamheden;Aanleg en gepland onderhoud
2757827;2020-04-24;2020-04-24;16:42:00;16:53:35;23,167;2000,000;11,583;50,6;48,6;A;4;A4;oplopend;Rijswijk-Plaspoelpolder;Rijswijk;Den Haag;Rotterdam;Eerder(e) ongeval(len);[Eerder(e) ongeval(len) 12];[ACA];ACA;Eerder(e) ongeval(len);Ongeval;Ongeval;Ongeval
2757678;2020-04-23;2020-04-23;12:33:00;12:50:06;34,200;2000,000;17,100;145,6;143,6;A;12;A12;oplopend;Oud-Dijk;Beek;Arnhem;Oberhausen;Wegwerkzaamheden;[Geen oorzaakcode opgegeven door VWM 1], [Wegwerkzaamheden 16];[000], [RWK];RWK;Wegwerkzaamheden;Werkzaamheden;Werkzaamheden;Aanleg en gepland onderhoud
2757826;2020-04-24;2020-04-24;16:41:00;16:41:48;1,600;2000,000;0,800;50,6;48,6;A;4;A4;oplopend;Rijswijk-Plaspoelpolder;Rijswijk;Den Haag;Rotterdam;Ongeval(len);[Ongeval(len) 1];[ACI];ACI;Ongeval(len);Ongeval;Ongeval;Ongeval
2756924;2020-04-14;2020-04-14;8:03:00;8:57:52;109,733;2000,000;54,867;44,8;42,8;A;20;A20;oplopend;Nieuwerkerk Aan Den Ijssel;Moordrecht;Hoek van Holland;Gouda;Defecte vrachtwagen (met opruim/berging);[Geen oorzaakcode opgegeven door VWM 0], [Defecte vrachtwagen(s) 12], [Opruimingswerkzaamheden 43];[000], [HBD], [OCL];HBD;Defecte vrachtwagen(s);Defecte vrachtwagen;Incident (gestrand voertuig);Incident
2756955;2020-04-14;2020-04-14;15:42:00;16:24:34;85,133;2000,000;42,567;44,6;42,6;A;9;A9;oplopend;Rottepolderplein;Brug Over Het Zijkanaal C;Amstelveen;Alkmaar;Brugopening;[Geen oorzaakcode opgegeven door VWM 1], [Brugopening 42];[000], [N73];N73;Brugopening;Brugopening;Blokkade;Hoge intensiteit
2756959;2020-04-14;2020-04-14;16:47:00;17:05:25;44,817;2433,484;18,417;52,4;54,4;A;15;A15;aflopend;Rotterdam-Heijplaat;Benelux;Ridderkerk;Europoort;Ongeval (met opruim/berging);[Geen oorzaakcode opgegeven door VWM 1], [Ongeval(len) 5], [Opruimingswerkzaamheden 13];[000], [ACI], [OCL];ACI;Ongeval(len);Ongeval;Ongeval;Ongeval
2757176;2020-04-17;2020-04-17;10:37:00;10:43:26;12,867;2000,000;6,433;46,9;48,9;A;9;A9;aflopend;Brug Over Het Zijkanaal C;Rottepolderplein;Alkmaar;Amstelveen;Brugopening;[Geen oorzaakcode opgegeven door VWM 0], [Brugopening 4], [Geen oorzaakcode opgegeven door VWM 3];[000], [N73], [000];N73;Brugopening;Brugopening;Blokkade;Hoge intensiteit
2757179;2020-04-17;2020-04-17;10:39:00;10:43:26;8,867;2000,000;4,433;47,2;45,2;A;9;A9;oplopend;Wijkertunnel;Beverwijk-Oost;Amstelveen;Alkmaar;Brugopening;[Geen oorzaakcode opgegeven door VWM 1], [Brugopening 1], [Geen oorzaakcode opgegeven door VWM 3];[000], [N73], [000];N73;Brugopening;Brugopening;Blokkade;Hoge intensiteit
2757117;2020-04-16;2020-04-16;16:16:00;16:21:26;10,867;2000,000;5,433;90,1;88,1;A;15;A15;oplopend;Gorinchem;Gorinchem;Ridderkerk;Gorinchem;Spitsfile (geen oorzaak gemeld);[Geen oorzaakcode opgegeven door VWM 5];[000];001;Spitsfile (geen oorzaak gemeld);Geen oorzaak gemeld;Drukte;Hoge intensiteit
2757821;2020-04-24;2020-04-24;16:24:00;16:41:06;34,200;2000,000;17,100;52,4;50,4;A;4;A4;oplopend;Rijswijk;Den Haag-Zuid;Den Haag;Rotterdam;Spitsfile (geen oorzaak gemeld);[Geen oorzaakcode opgegeven door VWM 16], [Ongeval(len) 2];[000], [ACI];001;Spitsfile (geen oorzaak gemeld);Geen oorzaak gemeld;Drukte;Hoge intensiteit
2757706;2020-04-23;2020-04-23;16:00:00;16:47:24;94,800;2000,000;47,400;52,6;50,6;A;28;A28;oplopend;Ermelo;Harderwijk;Amersfoort;Zwolle;Ongeval vrachtwagen (met defecte vrachtwagen);[Geen oorzaakcode opgegeven door VWM 3], [Ongeval met vrachtwagen(s) 0], [Defecte vrachtwagen(s) 25], [Eerder pechgeval 19];[000], [ACH], [HBD], [M13];ACH;Ongeval met vrachtwagen(s);Ongeval vrachtwagen;Ongeval;Ongeval
2757916;2020-04-26;2020-04-26;16:58:00;17:09:27;22,900;2000,000;11,450;142,0;140,0;A;12;A12;oplopend;Duiven;Zevenaar;Arnhem;Oberhausen;Ongeval (met opruim/berging);[Geen oorzaakcode opgegeven door VWM 0], [Opruimwerkzaamheden 7], [Eerder(e) ongeval(len) 4];[000], [CLE], [ACA];ACI;Ongeval(len);Ongeval;Ongeval;Ongeval
2757792;2020-04-24;2020-04-24;13:35:00;13:45:06;20,200;2000,000;10,100;219,2;221,2;A;2;A2;aflopend;Sint Joost;Maasbracht;Maastricht-Noord;Eindhoven;Ongeval(len);[Geen oorzaakcode opgegeven door VWM 1], [Ongeval(len) 9], [Geen oorzaakcode opgegeven door VWM 0];[000], [ACI], [000];ACI;Ongeval(len);Ongeval;Ongeval;Ongeval
2757719;2020-04-23;2020-04-23;16:41:00;18:05:13;258,633;3071,047;84,217;1,2;3,2;A;10;A10;aflopend;Amsterdam-Tuindorp Oostzaan;Coenplein;Watergraafsmeer;Coenplein;Ongeval(len);[Geen oorzaakcode opgegeven door VWM 1], [Ongeval(len) 72], [Eerder(e) ongeval(len) 10];[000], [ACI], [ACA];ACI;Ongeval(len);Ongeval;Ongeval;Ongeval
2757132;2020-04-16;2020-04-16;16:53:00;17:35:46;118,300;2766,173;42,767;44,6;42,6;A;4;A4;oplopend;Zoeterwoude-Dorp;Leidschendam;Amsterdam;Den Haag;Brandend(e) voertuig(en);[Brandend(e) voertuig(en) 43];[VFR];VFR;Brandend(e) voertuig(en);Defect voertuig;Incident (gestrand voertuig);Incident
2757203;2020-04-17;2020-04-17;14:40:00;15:27:54;158,333;3305,498;47,900;70,2;72,2;A;4;A4;aflopend;Schiedam-Noord;Kethelplein;Rotterdam;Den Haag;Ongeval(len);[Geen oorzaakcode opgegeven door VWM 1], [Ongeval(len) 47], [Geen oorzaakcode opgegeven door VWM 0];[000], [ACI], [000];ACI;Ongeval(len);Ongeval;Ongeval;Ongeval
2757106;2020-04-16;2020-04-16;15:43:00;16:35:38;105,267;2000,000;52,633;60,7;62,7;A;67;A67;aflopend;Venlo Tradeport West;Helden;Venlo;Eindhoven;Defect voertuig (met opruim/berging);[Brandend(e) voertuig(en) 33], [Opruimingswerkzaamheden 20];[VFR], [OCL];BKD;Defect(e) voertuig(en);Defect voertuig;Incident (gestrand voertuig);Incident
2757213;2020-04-17;2020-04-17;15:55:00;16:30:03;72,550;2069,900;35,050;77,5;80,5;A;27;A27;aflopend;Utrecht-De Uithof;Lunetten;Utrecht;Gorinchem;Defecte vrachtwagen(s);[Geen oorzaakcode opgegeven door VWM 5], [Defecte vrachtwagen(s) 30], [Geen oorzaakcode opgegeven door VWM 0];[000], [HBD], [000];HBD;Defecte vrachtwagen(s);Defecte vrachtwagen;Incident (gestrand voertuig);Incident
2757108;2020-04-16;2020-04-16;15:50:00;16:46:08;247,833;4415,083;56,133;35,7;33,7;A;67;A67;oplopend;Geldrop;Someren;Eindhoven;Venlo;Defecte vrachtwagen(s);[Geen oorzaakcode opgegeven door VWM 1], [Defecte vrachtwagen(s) 44], [Eerder pechgeval 11];[000], [HBD], [M13];HBD;Defecte vrachtwagen(s);Defecte vrachtwagen;Incident (gestrand voertuig);Incident
2757647;2020-04-23;2020-04-23;7:06:00;9:32:23;509,517;3480,701;146,383;118,5;116,5;A;15;A15;oplopend;Deil;Meteren;Gorinchem;Nijmegen;Ongeval (met opruim/berging);[Geschaarde aanhanger(s) 40], [Opruimingswerkzaamheden 103], [Eerder(e) ongeval(len) 4];[AJT], [OCL], [ACA];ACI;Ongeval(len);Ongeval;Ongeval;Ongeval
2757819;2020-04-24;2020-04-24;16:23:00;17:13:22;261,800;5197,882;50,367;108,6;106,6;A;1;A1;oplopend;Deventer-Oost;Bathmen;Apeldoorn;Hengelo;Ongeval(len);[Geen oorzaakcode opgegeven door VWM 1], [Ongeval(len) 29], [Eerder(e) ongeval(len) 20];[000], [ACI], [ACA];ACI;Ongeval(len);Ongeval;Ongeval;Ongeval
2757906;2020-04-26;2020-04-26;15:15:00;16:57:58;308,433;2995,468;102,967;141,9;139,9;A;12;A12;oplopend;Duiven;Zevenaar;Arnhem;Oberhausen;Ongeval (met opruim/berging);[Ongeval(len) 35], [Ongevalsonderzoek 12], [Opruimingswerkzaamheden 56], [Geen oorzaakcode opgegeven door VWM 0];[ACI], [ACW], [OCL], [000];ACI;Ongeval(len);Ongeval;Ongeval;Ongeval
2757653;2020-04-23;2020-04-23;8:43:00;9:17:01;68,033;2000,000;34,017;34,5;36,5;A;28;A28;aflopend;Nijkerk;Amersfoort-Vathorst;Zwolle;Amersfoort;Brandend(e) voertuig(en);[Geen oorzaakcode opgegeven door VWM 2], [Brandend(e) voertuig(en) 33], [Geen oorzaakcode opgegeven door VWM 0];[000], [VFR], [000];VFR;Brandend(e) voertuig(en);Defect voertuig;Incident (gestrand voertuig);Incident
2757701;2020-04-23;2020-04-23;15:40:00;15:51:45;23,500;2000,000;11,750;53,3;51,3;A;15;A15;oplopend;Benelux;Rotterdam-Heijplaat;Europoort;Ridderkerk;Voorwerpen op de weg;[Geen oorzaakcode opgegeven door VWM 0], [Voorwerpen op de weg 11], [Geen oorzaakcode opgegeven door VWM 0];[000], [OBR], [000];OBR;Voorwerpen op de weg;Lading op de weg;Incident (obstakel op de weg);Incident
2757256;2020-04-18;2020-04-18;10:44:00;11:03:45;39,500;2000,000;19,750;185,7;183,7;A;50;A50;oplopend;Schaarsbergen;Hoenderloo;Arnhem;Apeldoorn;Opruimingswerkzaamheden;[Geen oorzaakcode opgegeven door VWM 2], [Opruimingswerkzaamheden 18];[000], [OCL];OCL;Opruimingswerkzaamheden;Opruimwerkzaamheden;Incident (opruimwerkzaamheden);Incident
2757184;2020-04-17;2020-04-17;11:25:00;13:43:27;347,033;2506,561;138,450;7,0;9,0;A;8;A8;aflopend;Coenbrug;Zaandam;Zaandam;Amsterdam;Incident (object op de weg) en Files buiten spits zonder oorzaak;[Er ligt rommel op de weg 95], [Geen oorzaakcode opgegeven door VWM 44];[SPL], [000];SPL;Er ligt rommel op de weg;Lading op de weg;Incident (obstakel op de weg);Incident
2757124;2020-04-16;2020-04-16;16:38:00;16:40:26;4,867;2000,000;2,433;31,4;29,4;A;67;A67;oplopend;Geldrop;Someren;Eindhoven;Venlo;Spitsfile (geen oorzaak gemeld);[Geen oorzaakcode opgegeven door VWM 2];[000];001;Spitsfile (geen oorzaak gemeld);Geen oorzaak gemeld;Drukte;Hoge intensiteit
2757067;2020-04-16;2020-04-16;6:31:00;6:39:27;22,933;2714,004;8,450;46,2;48,2;A;15;A15;aflopend;Botlektunnel;Spijkenisse;Ridderkerk;Europoort;Spitsfile (geen oorzaak gemeld);[Geen oorzaakcode opgegeven door VWM 8];[000];001;Spitsfile (geen oorzaak gemeld);Geen oorzaak gemeld;Drukte;Hoge intensiteit
2757202;2020-04-17;2020-04-17;14:40:00;14:49:27;28,350;3000,000;9,450;3,1;6,1;A;5;A5;aflopend;Hoofddorp;De Hoek;Amsterdam;Hoofddorp;File buiten spits (geen oorzaak gemeld);[Geen oorzaakcode opgegeven door VWM 9];[000];003;File buiten spits (geen oorzaak gemeld);Geen oorzaak gemeld;Drukte;Hoge intensiteit
2757718;2020-04-23;2020-04-23;16:41:00;16:52:28;22,933;2000,000;11,467;93,5;91,5;A;1;A1;oplopend;Voorst;Twello;Apeldoorn;Hengelo;Spitsfile (geen oorzaak gemeld);[Geen oorzaakcode opgegeven door VWM 11];[000];001;Spitsfile (geen oorzaak gemeld);Geen oorzaak gemeld;Drukte;Hoge intensiteit
2757725;2020-04-23;2020-04-23;16:57:00;17:02:28;10,933;2000,000;5,467;93,5;91,5;A;1;A1;oplopend;Voorst;Twello;Apeldoorn;Hengelo;Spitsfile (geen oorzaak gemeld);[Geen oorzaakcode opgegeven door VWM 5];[000];001;Spitsfile (geen oorzaak gemeld);Geen oorzaak gemeld;Drukte;Hoge intensiteit
2757691;2020-04-23;2020-04-23;14:35:00;16:28:37;322,350;2837,172;113,617;98,1;96,1;A;6;A6;oplopend;Swifterbant;Ketelbrug;Lelystad;Emmeloord;Ongeval met vrachtwagen(s);[Ongeval met vrachtwagen(s) 102], [Eerder(e) ongeval(len) 11];[ACH], [ACA];ACH;Ongeval met vrachtwagen(s);Ongeval vrachtwagen;Ongeval;Ongeval
2757669;2020-04-23;2020-04-23;11:48:00;11:48:45;1,500;2000,000;0,750;192,8;190,8;A;50;A50;oplopend;Schaarsbergen;Hoenderloo;Arnhem;Apeldoorn;Wegwerkzaamheden;[Geen oorzaakcode opgegeven door VWM 0], [Wegwerkzaamheden 1], [Geen oorzaakcode opgegeven door VWM 0];[000], [RWK], [000];RWK;Wegwerkzaamheden;Werkzaamheden;Werkzaamheden;Aanleg en gepland onderhoud
2757118;2020-04-16;2020-04-16;16:24:00;16:45:06;63,300;3000,000;21,100;55,6;58,6;A;15;A15;aflopend;Rotterdam-Zuidplein;Rotterdam-Charlois;Ridderkerk;Europoort;Defect(e) voertuig(en);[Geen oorzaakcode opgegeven door VWM 2], [Defect(e) voertuig(en) 19];[000], [BKD];BKD;Defect(e) voertuig(en);Defect voertuig;Incident (gestrand voertuig);Incident
2757215;2020-04-17;2020-04-17;16:17:00;16:24:27;14,900;2000,000;7,450;45,6;47,6;A;15;A15;aflopend;Botlektunnel;Spijkenisse;Ridderkerk;Europoort;Spitsfile (geen oorzaak gemeld);[Geen oorzaakcode opgegeven door VWM 7];[000];001;Spitsfile (geen oorzaak gemeld);Geen oorzaak gemeld;Drukte;Hoge intensiteit
2757104;2020-04-16;2020-04-16;15:40:00;16:19:26;129,050;3272,612;39,433;28,1;30,1;A;20;A20;aflopend;Giessenbrug;Rotterdam-Delfshaven;Gouda;Hoek van Holland;Ongeval(len);[Ongeval(len) 20], [Eerder(e) ongeval(len) 20];[ACI], [ACA];ACI;Ongeval(len);Ongeval;Ongeval;Ongeval
2757219;2020-04-17;2020-04-17;17:23:00;17:43:10;40,333;2000,000;20,167;11,4;13,4;A;22;A22;aflopend;Velsertunnel;Ijmuiden;Beverwijk;Velsen;Ongeval(len);[Geen oorzaakcode opgegeven door VWM 0], [Ongeval(len) 10], [Eerder(e) ongeval(len) 10], [Geen oorzaakcode opgegeven door VWM 0];[000], [ACI], [ACA], [000];ACI;Ongeval(len);Ongeval;Ongeval;Ongeval
2757127;2020-04-16;2020-04-16;16:40:00;16:50:29;20,967;2000,000;10,483;36,9;34,9;A;20;A20;oplopend;Terbregseplein;Prins Alexander;Hoek van Holland;Gouda;Er ligt rommel op de weg;[Geen oorzaakcode opgegeven door VWM 1], [Er ligt rommel op de weg 5], [Geen oorzaakcode opgegeven door VWM 4];[000], [SPL], [000];SPL;Er ligt rommel op de weg;Lading op de weg;Incident (obstakel op de weg);Incident
2757671;2020-04-23;2020-04-23;11:48:00;12:23:16;74,533;2113,422;35,267;192,8;190,8;A;50;A50;oplopend;Schaarsbergen;Hoenderloo;Arnhem;Apeldoorn;Wegwerkzaamheden;[Geen oorzaakcode opgegeven door VWM 1], [Wegwerkzaamheden 34];[000], [RWK];RWK;Wegwerkzaamheden;Werkzaamheden;Werkzaamheden;Aanleg en gepland onderhoud
2757087;2020-04-16;2020-04-16;14:21:00;14:40:26;47,883;2463,979;19,433;47,2;45,2;A;9;A9;oplopend;Wijkertunnel;Beverwijk-Oost;Amstelveen;Alkmaar;Brugopening;[Geen oorzaakcode opgegeven door VWM 1], [Brugopening 8], [Geen oorzaakcode opgegeven door VWM 11];[000], [N73], [000];N73;Brugopening;Brugopening;Blokkade;Hoge intensiteit
2757086;2020-04-16;2020-04-16;14:21:00;14:30:17;18,567;2000,000;9,283;46,9;48,9;A;9;A9;aflopend;Brug Over Het Zijkanaal C;Rottepolderplein;Alkmaar;Amstelveen;Brugopening;[Geen oorzaakcode opgegeven door VWM 1], [Brugopening 7], [Geen oorzaakcode opgegeven door VWM 1];[000], [N73], [000];N73;Brugopening;Brugopening;Blokkade;Hoge intensiteit
2757125;2020-04-16;2020-04-16;16:39:00;17:07:45;57,500;2000,000;28,750;16,2;14,2;A;27;A27;oplopend;Brug Over De Donge;Hooipolder;Breda;Gorinchem;Defecte vrachtwagen(s);[Geen oorzaakcode opgegeven door VWM 0], [Defecte vrachtwagen(s) 28], [Geen oorzaakcode opgegeven door VWM 0];[000], [HBD], [000];HBD;Defecte vrachtwagen(s);Defecte vrachtwagen;Incident (gestrand voertuig);Incident
2757122;2020-04-16;2020-04-16;16:30:00;16:40:26;24,883;2384,984;10,433;87,0;85,0;A;15;A15;oplopend;Sliedrecht-Oost;Hardinxveld-Giessendam;Ridderkerk;Gorinchem;Spitsfile (geen oorzaak gemeld);[Geen oorzaakcode opgegeven door VWM 10];[000];001;Spitsfile (geen oorzaak gemeld);Geen oorzaak gemeld;Drukte;Hoge intensiteit
2757208;2020-04-17;2020-04-17;15:27:00;16:04:28;100,367;2678,826;37,467;71,5;74,5;A;4;A4;aflopend;Schiedam-Noord;Kethelplein;Rotterdam;Den Haag;Ongeval(len);[Geen oorzaakcode opgegeven door VWM 1], [Ongeval(len) 1], [Eerder(e) ongeval(len) 36];[000], [ACI], [ACA];ACI;Ongeval(len);Ongeval;Ongeval;Ongeval
2757130;2020-04-16;2020-04-16;16:44:00;17:12:28;88,300;3101,874;28,467;29,7;27,7;A;67;A67;oplopend;Geldrop;Someren;Turnhout;Duisburg;Spitsfile (geen oorzaak gemeld);[Geen oorzaakcode opgegeven door VWM 28];[000];001;Spitsfile (geen oorzaak gemeld);Geen oorzaak gemeld;Drukte;Hoge intensiteit
2757136;2020-04-16;2020-04-16;17:07:00;17:17:26;26,933;2581,470;10,433;16,2;13,2;A;27;A27;oplopend;Brug Over De Donge;Hooipolder;Breda;Gorinchem;Defecte vrachtwagen(s);[Geen oorzaakcode opgegeven door VWM 1], [Defecte vrachtwagen(s) 9];[000], [HBD];HBD;Defecte vrachtwagen(s);Defecte vrachtwagen;Incident (gestrand voertuig);Incident
2757166;2020-04-17;2020-04-17;6:33:00;7:24:51;199,783;3853,102;51,850;176,3;173,3;A;7;A7;oplopend;Frieschepalen;Marum;Heerenveen;Groningen;Ongeval(len);[Ongeval(len) 43], [Eerder(e) ongeval(len) 9];[ACI], [ACA];ACI;Ongeval(len);Ongeval;Ongeval;Ongeval
2757102;2020-04-16;2020-04-16;15:38:00;16:25:44;117,067;2452,514;47,733;33,8;31,8;A;9;A9;oplopend;Aalsmeer;Badhoevedorp;Amstelveen;Alkmaar;Ongeval(len);[Ongeval(len) 47], [Eerder(e) ongeval(len) 0], [Ongeval(len) 1];[ACI], [ACA], [ACI];ACI;Ongeval(len);Ongeval;Ongeval;Ongeval
2757171;2020-04-17;2020-04-17;8:45:00;8:59:36;29,200;2000,000;14,600;20,2;18,2;A;10;A10;oplopend;Schinkelbrug;De Nieuwe Meer;Amstel;Coenplein;Ongeval (met opruim/berging);[Geen oorzaakcode opgegeven door VWM 1], [Defect(e) voertuig(en) 2], [Ongeval(len) 6], [Opruimingswerkzaamheden 5], [Eerder(e) ongeval(len) 0];[000], [BKD], [ACI], [OCL], [ACA];ACI;Ongeval(len);Ongeval;Ongeval;Ongeval
2756442;2020-04-05;2020-04-05;15:06:00;16:16:52;330,433;4662,747;70,867;13,1;18,1;N;15;N15;aflopend;Havens 8220-8325;Havens 8300-8350;Europoort;Rotterdam Maasvlakte;Speciale parkeerverboden van kracht;[Geen oorzaakcode opgegeven door VWM 3], [Speciale parkeerverboden van kracht 68];[000], [PSR];PSR;Speciale parkeerverboden van kracht;Melding;Melding;
2756648;2020-04-08;2020-04-08;16:19:00;17:41:08;166,283;2024,554;82,133;15,5;13,5;A;27;A27;oplopend;Brug Over De Donge;Hooipolder;Breda;Gorinchem;Defecte vrachtwagen(s);[Geen oorzaakcode opgegeven door VWM 3], [Defect(e) voertuig(en) 1], [Defecte vrachtwagen(s) 69], [Eerder pechgeval 10];[000], [BKD], [HBD], [M13];HBD;Defecte vrachtwagen(s);Defecte vrachtwagen;Incident (gestrand voertuig);Incident
2756650;2020-04-08;2020-04-08;16:23:00;16:40:00;34,000;2000,000;17,000;31,5;33,5;A;20;A20;aflopend;Rotterdam-Crooswijk;Rotterdam-Noord;Gouda;Hoek van Holland;Eerder pechgeval;[Geen oorzaakcode opgegeven door VWM 1], [Eerder pechgeval 16], [Geen oorzaakcode opgegeven door VWM 0];[000], [M13], [000];M13;Eerder pechgeval;Defect voertuig;Incident (gestrand voertuig);Incident
2756634;2020-04-08;2020-04-08;13:35:00;14:22:27;110,900;2337,197;47,450;88,6;90,6;A;12;A12;aflopend;Veenendaal-West;Maarsbergen;Arnhem;Utrecht;Ongeval(len);[Geen oorzaakcode opgegeven door VWM 1], [Ongeval(len) 38], [Eerder(e) ongeval(len) 8];[000], [ACI], [ACA];ACI;Ongeval(len);Ongeval;Ongeval;Ongeval
2756645;2020-04-08;2020-04-08;15:50:00;16:40:23;150,700;2991,069;50,383;42,6;40,6;A;4;A4;oplopend;Zoeterwoude-Dorp;Leidschendam;Amsterdam;Den Haag;Ongeval(len);[Geen oorzaakcode opgegeven door VWM 0], [Ongeval(len) 30], [Eerder(e) ongeval(len) 20], [Geen oorzaakcode opgegeven door VWM 0];[000], [ACI], [ACA], [000];ACI;Ongeval(len);Ongeval;Ongeval;Ongeval
2756641;2020-04-08;2020-04-08;15:28:00;16:08:58;109,933;2683,483;40,967;20,2;30,3;A;9;A9;aflopend;Amc Ziekenhuis;Holendrecht;Den Helder;Diemen;Ongeval (met ander incident);[Geen oorzaakcode opgegeven door VWM 1], [Onwelwording 1], [Ongeval(len) 30], [Eerder(e) ongeval(len) 8];[000], [M02], [ACI], [ACA];ACI;Ongeval(len);Ongeval;Ongeval;Ongeval
2756603;2020-04-08;2020-04-08;6:33:00;6:55:40;64,017;2824,265;22,667;29,9;32,9;A;20;A20;aflopend;Rotterdam-Noord;Kleinpolderplein;Gouda;Hoek van Holland;Ongeval vrachtwagen (met opruim/berging);[Geen oorzaakcode opgegeven door VWM 1], [Ongeval met vrachtwagen(s) 3], [Opruimingswerkzaamheden 6], [Eerder(e) ongeval(len) 13];[000], [ACH], [OCL], [ACA];ACH;Ongeval met vrachtwagen(s);Ongeval vrachtwagen;Ongeval;Ongeval
2756654;2020-04-08;2020-04-08;17:01:00;18:02:02;156,733;2567,996;61,033;45,0;47,0;A;20;A20;aflopend;Moordrecht;Nieuwerkerk Aan Den Ijssel;Gouda;Hoek van Holland;Defecte vrachtwagen(s);[Geen oorzaakcode opgegeven door VWM 1], [Defecte vrachtwagen(s) 55], [Eerder pechgeval 5], [Geen oorzaakcode opgegeven door VWM 0];[000], [HBD], [M13], [000];HBD;Defecte vrachtwagen(s);Defecte vrachtwagen;Incident (gestrand voertuig);Incident
2756631;2020-04-08;2020-04-08;12:58:00;15:06:07;405,883;3168,076;128,117;90,6;92,6;A;2;A2;aflopend;Waardenburg;Deil;'s-Hertogenbosch;Utrecht;Defecte vrachtwagen (met opruim/berging);[Geen oorzaakcode opgegeven door VWM 3], [Opruimingswerkzaamheden 0], [Defecte vrachtwagen(s) 29], [Opruimingswerkzaamheden 95];[000], [OCL], [HBD], [OCL];HBD;Defecte vrachtwagen(s);Defecte vrachtwagen;Incident (gestrand voertuig);Incident
2756651;2020-04-08;2020-04-08;16:23:00;16:40:08;34,267;2000,000;17,133;5,3;7,3;A;65;A65;aflopend;A65: Vught;Vught;Tilburg;'s-Hertogenbosch;Ongeval (met opruim/berging);[Opruimingswerkzaamheden 9], [Eerder(e) ongeval(len) 8];[OCL], [ACA];ACI;Ongeval(len);Ongeval;Ongeval;Ongeval
2756808;2020-04-10;2020-04-10;14:24:00;14:40:54;33,800;2000,000;16,900;72,2;70,2;A;4;A4;oplopend;Pernis;Benelux;Den Haag;Rotterdam;Schade aan wegmeubilair;[Geen oorzaakcode opgegeven door VWM 1], [Schade aan wegmeubilair 16];[000], [M12];M12;Schade aan wegmeubilair;Schade aan infrastructuur;Falen Infra;Ongepland onderhoud
2756807;2020-04-10;2020-04-10;14:22:00;14:41:12;38,400;2000,000;19,200;47,2;45,2;A;9;A9;oplopend;Wijkertunnel;Beverwijk-Oost;Amstelveen;Alkmaar;Brugopening;[Geen oorzaakcode opgegeven door VWM 1], [Brugopening 19];[000], [N73];N73;Brugopening;Brugopening;Blokkade;Hoge intensiteit
2756681;2020-04-09;2020-04-09;6:26:00;7:52:23;467,233;5408,837;86,383;94,4;99,4;A;15;A15;aflopend;Gorinchem;Hardinxveld-Giessendam;Nijmegen;Rotterdam Maasvlakte;Er ligt rommel op de weg;[Geen oorzaakcode opgegeven door VWM 0], [Er ligt rommel op de weg 68], [Geen oorzaakcode opgegeven door VWM 19];[000], [SPL], [000];SPL;Er ligt rommel op de weg;Lading op de weg;Incident (obstakel op de weg);Incident
2756680;2020-04-09;2020-04-09;6:25:00;6:31:41;13,367;2000,000;6,683;68,9;70,9;A;2;A2;aflopend;Nieuwegein-Zuid;Nieuwegein;'s-Hertogenbosch;Utrecht;Ongeval(len);[Ongeval(len) 5], [Eerder(e) ongeval(len) 2];[ACI], [ACA];ACI;Ongeval(len);Ongeval;Ongeval;Ongeval
2756779;2020-04-10;2020-04-10;7:50:00;8:23:41;67,367;2000,000;33,683;10,5;8,5;A;7;A7;oplopend;Zaanstad-'t Kalf;Wijdewormer;Zaanstad;Hoorn;Defecte vrachtwagen(s);[Geen oorzaakcode opgegeven door VWM 1], [Defecte vrachtwagen(s) 33], [Geen oorzaakcode opgegeven door VWM 0];[000], [HBD], [000];HBD;Defecte vrachtwagen(s);Defecte vrachtwagen;Incident (gestrand voertuig);Incident
2756845;2020-04-11;2020-04-11;10:00:00;11:24:45;169,500;2000,000;84,750;29,4;31,4;A;12;A12;aflopend;Reeuwijk;Gouda;Utrecht;Den Haag;Uitgelopen werkzaamheden;[Geen oorzaakcode opgegeven door VWM 1], [Uitgelopen werkzaamheden 84];[000], [N19];N19;Uitgelopen werkzaamheden;Uitgelopen werkzaamheden;Werkzaamheden;Aanleg en gepland onderhoud
2756773;2020-04-10;2020-04-10;6:16:00;6:25:45;19,500;2000,000;9,750;52,3;50,3;A;16;A16;oplopend;Zevenbergschen Hoek;Zonzeel;Rotterdam;Breda;Ongevalsonderzoek;[Geen oorzaakcode opgegeven door VWM 0], [Ongevalsonderzoek 9], [Geen oorzaakcode opgegeven door VWM 0];[000], [ACW], [000];ACW;Ongevalsonderzoek;Ongevalsafhandeling;Ongeval;Ongeval
2756678;2020-04-09;2020-04-09;5:58:00;6:26:06;102,850;3660,142;28,100;93,8;95,8;A;15;A15;aflopend;Gorinchem;Hardinxveld-Giessendam;Gorinchem;Ridderkerk;Er ligt rommel op de weg;[Er ligt rommel op de weg 28];[SPL];SPL;Er ligt rommel op de weg;Lading op de weg;Incident (obstakel op de weg);Incident
2756804;2020-04-10;2020-04-10;14:10:00;14:33:42;20,900;2000,000;10,450;5,8;7,8;A;10;A10;aflopend;Durgerdam;Volendam;Watergraafsmeer;Coenplein;Defecte vrachtwagen(s);[Geen oorzaakcode opgegeven door VWM 1], [Defecte vrachtwagen(s) 9];[000], [HBD];HBD;Defecte vrachtwagen(s);Defecte vrachtwagen;Incident (gestrand voertuig);Incident
2756806;2020-04-10;2020-04-10;14:22:00;14:41:09;38,300;2000,000;19,150;46,9;48,9;A;9;A9;aflopend;Brug Over Het Zijkanaal C;Rottepolderplein;Alkmaar;Amstelveen;Brugopening;[Geen oorzaakcode opgegeven door VWM 1], [Brugopening 19];[000], [N73];N73;Brugopening;Brugopening;Blokkade;Hoge intensiteit
2756682;2020-04-09;2020-04-09;6:31:00;7:02:04;62,200;2002,146;31,067;69,1;71,1;A;2;A2;aflopend;Nieuwegein-Zuid;Nieuwegein;'s-Hertogenbosch;Utrecht;Eerder(e) ongeval(len);[Geen oorzaakcode opgegeven door VWM 1], [Eerder(e) ongeval(len) 30];[000], [ACA];ACA;Eerder(e) ongeval(len);Ongeval;Ongeval;Ongeval
2756775;2020-04-10;2020-04-10;6:31:00;8:06:57;237,867;2479,069;95,950;47,4;45,4;A;27;A27;oplopend;Noordeloos;Lexmond;Gorinchem;Utrecht;Defect(e) voertuig(en);[Geen oorzaakcode opgegeven door VWM 1], [Defect(e) voertuig(en) 95], [Eerder pechgeval 0];[000], [BKD], [M13];BKD;Defect(e) voertuig(en);Defect voertuig;Incident (gestrand voertuig);Incident
2756790;2020-04-10;2020-04-10;11:28:00;11:47:05;38,167;2000,000;19,083;18,1;20,1;A;30;A30;aflopend;Scherpenzeel;Lunteren;Barneveld;Ede;Voorwerpen op de weg;[Geen oorzaakcode opgegeven door VWM 0], [Voorwerpen op de weg 0], [Er ligt rommel op de weg 18];[000], [OBR], [SPL];OBR;Voorwerpen op de weg;Lading op de weg;Incident (obstakel op de weg);Incident
2756795;2020-04-10;2020-04-10;12:04:00;14:02:51;237,700;2000,000;118,850;72,2;70,2;A;4;A4;oplopend;Pernis;Benelux;Den Haag;Rotterdam;Ongeval (met opruim/berging);[Geen oorzaakcode opgegeven door VWM 1], [Ongeval(len) 108], [Opruimwerkzaamheden 11], [Geen oorzaakcode opgegeven door VWM 0];[000], [ACI], [CLE], [000];ACI;Ongeval(len);Ongeval;Ongeval;Ongeval
2756774;2020-04-10;2020-04-10;6:31:00;7:14:41;102,150;2338,421;43,683;52,3;50,3;A;16;A16;oplopend;Zevenbergschen Hoek;Zonzeel;Rotterdam;Breda;Opruimwerkzaamheden;[Geen oorzaakcode opgegeven door VWM 1], [Opruimwerkzaamheden 43];[000], [CLE];CLE;Opruimwerkzaamheden;Opruimwerkzaamheden;Incident (opruimwerkzaamheden);Incident
2756818;2020-04-10;2020-04-10;16:46:00;17:35:32;139,217;2810,565;49,533;146,2;144,2;A;59;A59;oplopend;Kruisstraat;Nuland;'s-Hertogenbosch;Oss;Ongeval (met opruim/berging);[Opruimingswerkzaamheden 46], [Eerder(e) ongeval(len) 3];[OCL], [ACA];ACI;Ongeval(len);Ongeval;Ongeval;Ongeval
2756726;2020-04-09;2020-04-09;14:14:00;14:17:40;7,333;2000,000;3,667;30,0;32,0;A;10;A10;aflopend;Coentunnel;Amsterdam-Hemhavens;Watergraafsmeer;De Nieuwe Meer;Te hoog voertuig gesignaleerd, wordt afgehandeld;[Geen oorzaakcode opgegeven door VWM 1], [Te hoog voertuig gesignaleerd, wordt afgehandeld 3], [Geen oorzaakcode opgegeven door VWM 0];[000], [OHW], [000];OHW;Te hoog voertuig gesignaleerd, wordt afgehandeld;Hoogtemelding;Incident;Incident
2756735;2020-04-09;2020-04-09;16:03:00;16:15:27;25,900;2080,321;12,450;51,5;53,5;A;12;A12;aflopend;Harmelen;Harmelen;Utrecht;Den Haag;Spitsfile (geen oorzaak gemeld);[Geen oorzaakcode opgegeven door VWM 12];[000];001;Spitsfile (geen oorzaak gemeld);Geen oorzaak gemeld;Drukte;Hoge intensiteit
2756909;2020-04-13;2020-04-13;16:40:00;17:41:19;122,633;2000,000;61,317;111,6;113,6;A;12;A12;aflopend;Oosterbeek;Wageningen;Arnhem;Utrecht;Ongeval(len);[Geen oorzaakcode opgegeven door VWM 1], [Ongeval(len) 60];[000], [ACI];ACI;Ongeval(len);Ongeval;Ongeval;Ongeval
